solid OpenSCAD_Model
  facet normal 0 0 -1
    outer loop
      vertex 3.5663405880331993 -10.544872969388962 0
      vertex -3.9849999994039536 -13.26799999922514 0
      vertex -4.692106783390045 -12.975106783211231 0
    endloop
  endfacet
  facet normal 0 0 -1
    outer loop
      vertex 3.5663405880331993 -10.544872969388962 0
      vertex 0.42900000512599945 -13.26799999922514 0
      vertex -3.9849999994039536 -13.26799999922514 0
    endloop
  endfacet
  facet normal 0 0 -1
    outer loop
      vertex 3.5663405880331993 -10.544872969388962 0
      vertex -4.692106783390045 -12.975106783211231 0
      vertex -9.292106784880161 -8.375106789171696 0
    endloop
  endfacet
  facet normal 0 0 -1
    outer loop
      vertex 3.5663405880331993 -10.544872969388962 0
      vertex -9.292106784880161 -8.375106789171696 0
      vertex -9.58500000089407 -7.668000005185604 0
    endloop
  endfacet
  facet normal 0 0 -1
    outer loop
      vertex 3.5663405880331993 -10.544872969388962 0
      vertex -9.58500000089407 -7.668000005185604 0
      vertex -9.58500000089407 -3.254000000655651 0
    endloop
  endfacet
  facet normal 0 0 -1
    outer loop
      vertex 3.5663405880331993 -10.544872969388962 0
      vertex 1.136106789112091 -12.975106783211231 0
      vertex 0.42900000512599945 -13.26799999922514 0
    endloop
  endfacet
  facet normal 0 0 -1
    outer loop
      vertex 6.755312755703926 -13.014861963689327 0
      vertex 6.661403022706509 -12.986374750733376 0
      vertex 10.196009017527103 -10.463067680597305 0
    endloop
  endfacet
  facet normal 0 0 -1
    outer loop
      vertex 7.013793952763081 -13.074644088745117 0
      vertex 6.9175442680716515 -13.055498838424683 0
      vertex 10.196009017527103 -10.463067680597305 0
    endloop
  endfacet
  facet normal 0 0 -1
    outer loop
      vertex 6.9175442680716515 -13.055498838424683 0
      vertex 6.755312755703926 -13.014861963689327 0
      vertex 10.196009017527103 -10.463067680597305 0
    endloop
  endfacet
  facet normal 0 0 -1
    outer loop
      vertex 6.661403022706509 -12.986374750733376 0
      vertex 6.503935813903809 -12.930032074451447 0
      vertex 10.196009017527103 -10.463067680597305 0
    endloop
  endfacet
  facet normal 0 0 -1
    outer loop
      vertex 6.2620842307806015 -12.820971488952637 0
      vertex 6.175536520779133 -12.774710781872272 0
      vertex 10.15364408493042 -9.934793956577778 0
    endloop
  endfacet
  facet normal 0 0 -1
    outer loop
      vertex 6.413270652294159 -12.892477333545685 0
      vertex 6.2620842307806015 -12.820971488952637 0
      vertex 10.15364408493042 -9.934793956577778 0
    endloop
  endfacet
  facet normal 0 0 -1
    outer loop
      vertex 6.503935813903809 -12.930032074451447 0
      vertex 6.413270652294159 -12.892477333545685 0
      vertex 10.15364408493042 -9.934793956577778 0
    endloop
  endfacet
  facet normal 0 0 -1
    outer loop
      vertex 6.175536520779133 -12.774710781872272 0
      vertex 6.032086908817291 -12.688730388879776 0
      vertex 10.15364408493042 -9.934793956577778 0
    endloop
  endfacet
  facet normal 0 0 -1
    outer loop
      vertex 7.443932317197323 -13.1170090213418 0
      vertex 7.2768901735544205 -13.108802765607834 0
      vertex 10.06537476927042 -11.245596922934055 0
    endloop
  endfacet
  facet normal 0 0 -1
    outer loop
      vertex 7.542067684233189 -13.1170090213418 0
      vertex 7.443932317197323 -13.1170090213418 0
      vertex 10.06537476927042 -11.245596922934055 0
    endloop
  endfacet
  facet normal 0 0 -1
    outer loop
      vertex 7.97220604121685 -13.074644088745117 0
      vertex 7.806772604584694 -13.099183820188046 0
      vertex 9.853710792958736 -11.731463447213173 0
    endloop
  endfacet
  facet normal 0 0 -1
    outer loop
      vertex 8.230687245726585 -13.014861963689327 0
      vertex 8.06845573335886 -13.055498838424683 0
      vertex 9.76773040741682 -11.874913059175014 0
    endloop
  endfacet
  facet normal 0 0 -1
    outer loop
      vertex 8.06845573335886 -13.055498838424683 0
      vertex 7.97220604121685 -13.074644088745117 0
      vertex 9.853710792958736 -11.731463447213173 0
    endloop
  endfacet
  facet normal 0 0 -1
    outer loop
      vertex 7.70910982042551 -13.108802765607834 0
      vertex 7.542067684233189 -13.1170090213418 0
      vertex 10.06537476927042 -11.245596922934055 0
    endloop
  endfacet
  facet normal 0 0 -1
    outer loop
      vertex 7.806772604584694 -13.099183820188046 0
      vertex 7.70910982042551 -13.108802765607834 0
      vertex 10.06537476927042 -11.245596922934055 0
    endloop
  endfacet
  facet normal 0 0 -1
    outer loop
      vertex 8.324596978724003 -12.986374750733376 0
      vertex 8.230687245726585 -13.014861963689327 0
      vertex 9.713209331035614 -11.956509619951248 0
    endloop
  endfacet
  facet normal 0 0 -1
    outer loop
      vertex 8.723915785551071 -12.820971481502056 0
      vertex 8.572729371488094 -12.892477326095104 0
      vertex 9.439012072980404 -12.290619939565659 0
    endloop
  endfacet
  facet normal 0 0 -1
    outer loop
      vertex 8.482064187526703 -12.930032074451447 0
      vertex 8.324596978724003 -12.986374750733376 0
      vertex 9.713209331035614 -11.956509619951248 0
    endloop
  endfacet
  facet normal 0 0 -1
    outer loop
      vertex 8.572729371488094 -12.892477326095104 0
      vertex 8.482064187526703 -12.930032074451447 0
      vertex 9.61358243972063 -12.090840935707092 0
    endloop
  endfacet
  facet normal 0 0 -1
    outer loop
      vertex 8.810463450849056 -12.774710789322853 0
      vertex 8.723915785551071 -12.820971481502056 0
      vertex 9.439012072980404 -12.290619939565659 0
    endloop
  endfacet
  facet normal 0 0 -1
    outer loop
      vertex 8.953913070261478 -12.688730396330357 0
      vertex 8.810463450849056 -12.774710789322853 0
      vertex 9.245700590312481 -12.472326025366783 0
    endloop
  endfacet
  facet normal 0 0 -1
    outer loop
      vertex 9.035509645938873 -12.63420931249857 0
      vertex 8.953913070261478 -12.688730396330357 0
      vertex 9.245700590312481 -12.472326025366783 0
    endloop
  endfacet
  facet normal 0 0 -1
    outer loop
      vertex 8.810463450849056 -12.774710789322853 0
      vertex 9.3696199208498 -12.360012091696262 0
      vertex 9.245700590312481 -12.472326025366783 0
    endloop
  endfacet
  facet normal 0 0 -1
    outer loop
      vertex 9.169840954244137 -12.534582421183586 0
      vertex 9.035509645938873 -12.63420931249857 0
      vertex 9.245700590312481 -12.472326025366783 0
    endloop
  endfacet
  facet normal 0 0 -1
    outer loop
      vertex 8.810463450849056 -12.774710789322853 0
      vertex 9.439012072980404 -12.290619939565659 0
      vertex 9.3696199208498 -12.360012091696262 0
    endloop
  endfacet
  facet normal 0 0 -1
    outer loop
      vertex 8.572729371488094 -12.892477326095104 0
      vertex 9.551326006650925 -12.16670061647892 0
      vertex 9.439012072980404 -12.290619939565659 0
    endloop
  endfacet
  facet normal 0 0 -1
    outer loop
      vertex 7.2768901735544205 -13.108802765607834 0
      vertex 7.179227381944656 -13.099183820188046 0
      vertex 10.134498834609985 -10.989455729722977 0
    endloop
  endfacet
  facet normal 0 0 -1
    outer loop
      vertex 7.179227381944656 -13.099183820188046 0
      vertex 7.013793952763081 -13.074644088745117 0
      vertex 10.134498834609985 -10.989455729722977 0
    endloop
  endfacet
  facet normal 0 0 -1
    outer loop
      vertex 8.572729371488094 -12.892477326095104 0
      vertex 9.61358243972063 -12.090840935707092 0
      vertex 9.551326006650925 -12.16670061647892 0
    endloop
  endfacet
  facet normal 0 0 -1
    outer loop
      vertex 8.482064187526703 -12.930032074451447 0
      vertex 9.713209331035614 -11.956509619951248 0
      vertex 9.61358243972063 -12.090840935707092 0
    endloop
  endfacet
  facet normal 0 0 -1
    outer loop
      vertex 8.230687245726585 -13.014861963689327 0
      vertex 9.76773040741682 -11.874913059175014 0
      vertex 9.713209331035614 -11.956509619951248 0
    endloop
  endfacet
  facet normal 0 0 -1
    outer loop
      vertex 8.06845573335886 -13.055498838424683 0
      vertex 9.853710792958736 -11.731463447213173 0
      vertex 9.76773040741682 -11.874913059175014 0
    endloop
  endfacet
  facet normal 0 0 -1
    outer loop
      vertex 7.806772604584694 -13.099183820188046 0
      vertex 9.899971462786198 -11.644915826618671 0
      vertex 9.853710792958736 -11.731463447213173 0
    endloop
  endfacet
  facet normal 0 0 -1
    outer loop
      vertex 7.806772604584694 -13.099183820188046 0
      vertex 9.971477314829826 -11.493729412555695 0
      vertex 9.899971462786198 -11.644915826618671 0
    endloop
  endfacet
  facet normal 0 0 -1
    outer loop
      vertex 7.806772604584694 -13.099183820188046 0
      vertex 10.009032100439072 -11.403064139187336 0
      vertex 9.971477314829826 -11.493729412555695 0
    endloop
  endfacet
  facet normal 0 0 -1
    outer loop
      vertex 7.2768901735544205 -13.108802765607834 0
      vertex 10.09386195987463 -11.151687242090702 0
      vertex 10.06537476927042 -11.245596922934055 0
    endloop
  endfacet
  facet normal 0 0 -1
    outer loop
      vertex 7.806772604584694 -13.099183820188046 0
      vertex 10.06537476927042 -11.245596922934055 0
      vertex 10.009032100439072 -11.403064139187336 0
    endloop
  endfacet
  facet normal 0 0 -1
    outer loop
      vertex 7.2768901735544205 -13.108802765607834 0
      vertex 10.134498834609985 -10.989455729722977 0
      vertex 10.09386195987463 -11.151687242090702 0
    endloop
  endfacet
  facet normal 0 0 -1
    outer loop
      vertex 7.013793952763081 -13.074644088745117 0
      vertex 10.15364408493042 -10.893206045031548 0
      vertex 10.134498834609985 -10.989455729722977 0
    endloop
  endfacet
  facet normal 0 0 -1
    outer loop
      vertex 5.950490355491638 -12.63420931249857 0
      vertex 5.816159047186375 -12.534582421183586 0
      vertex 9.899971462786198 -9.183084174990654 0
    endloop
  endfacet
  facet normal 0 0 -1
    outer loop
      vertex 6.032086908817291 -12.688730388879776 0
      vertex 5.950490355491638 -12.63420931249857 0
      vertex 9.899971462786198 -9.183084174990654 0
    endloop
  endfacet
  facet normal 0 0 -1
    outer loop
      vertex 5.816159047186375 -12.534582421183586 0
      vertex 5.748432368040085 -12.479616805911064 0
      vertex 9.76773040741682 -8.953086942434311 0
    endloop
  endfacet
  facet normal 0 0 -1
    outer loop
      vertex 5.748432368040085 -12.479616805911064 0
      vertex 3.5663405880331993 -10.544872969388962 0
      vertex 9.758137598633766 -8.937410809099674 0
    endloop
  endfacet
  facet normal 0 0 -1
    outer loop
      vertex 7.013793952763081 -13.074644088745117 0
      vertex 10.178183816373348 -10.727772615849972 0
      vertex 10.15364408493042 -10.893206045031548 0
    endloop
  endfacet
  facet normal 0 0 -1
    outer loop
      vertex 7.013793952763081 -13.074644088745117 0
      vertex 10.187802761793137 -10.630109824240208 0
      vertex 10.178183816373348 -10.727772615849972 0
    endloop
  endfacet
  facet normal 0 0 -1
    outer loop
      vertex 6.503935813903809 -12.930032074451447 0
      vertex 10.196009017527103 -10.36493231356144 0
      vertex 10.196009017527103 -10.463067680597305 0
    endloop
  endfacet
  facet normal 0 0 -1
    outer loop
      vertex 7.013793952763081 -13.074644088745117 0
      vertex 10.196009017527103 -10.463067680597305 0
      vertex 10.187802761793137 -10.630109824240208 0
    endloop
  endfacet
  facet normal 0 0 -1
    outer loop
      vertex 6.503935813903809 -12.930032074451447 0
      vertex 10.187802761793137 -10.197890177369118 0
      vertex 10.196009017527103 -10.36493231356144 0
    endloop
  endfacet
  facet normal 0 0 -1
    outer loop
      vertex 6.503935813903809 -12.930032074451447 0
      vertex 10.178183816373348 -10.100227393209934 0
      vertex 10.187802761793137 -10.197890177369118 0
    endloop
  endfacet
  facet normal 0 0 -1
    outer loop
      vertex 6.503935813903809 -12.930032074451447 0
      vertex 10.15364408493042 -9.934793956577778 0
      vertex 10.178183816373348 -10.100227393209934 0
    endloop
  endfacet
  facet normal 0 0 -1
    outer loop
      vertex 6.032086908817291 -12.688730388879776 0
      vertex 10.134498827159405 -9.838544256985188 0
      vertex 10.15364408493042 -9.934793956577778 0
    endloop
  endfacet
  facet normal 0 0 -1
    outer loop
      vertex 6.032086908817291 -12.688730388879776 0
      vertex 10.009032100439072 -9.42493586242199 0
      vertex 10.06537476927042 -9.58240307867527 0
    endloop
  endfacet
  facet normal 0 0 -1
    outer loop
      vertex 6.032086908817291 -12.688730388879776 0
      vertex 9.971477314829826 -9.33427058905363 0
      vertex 10.009032100439072 -9.42493586242199 0
    endloop
  endfacet
  facet normal 0 0 -1
    outer loop
      vertex 6.032086908817291 -12.688730388879776 0
      vertex 9.899971462786198 -9.183084174990654 0
      vertex 9.971477314829826 -9.33427058905363 0
    endloop
  endfacet
  facet normal 0 0 -1
    outer loop
      vertex 6.032086908817291 -12.688730388879776 0
      vertex 10.09386195242405 -9.676312752068043 0
      vertex 10.134498827159405 -9.838544256985188 0
    endloop
  endfacet
  facet normal 0 0 -1
    outer loop
      vertex 6.032086908817291 -12.688730388879776 0
      vertex 10.06537476927042 -9.58240307867527 0
      vertex 10.09386195242405 -9.676312752068043 0
    endloop
  endfacet
  facet normal 0 0 -1
    outer loop
      vertex 5.816159047186375 -12.534582421183586 0
      vertex 9.853710792958736 -9.096536554396152 0
      vertex 9.899971462786198 -9.183084174990654 0
    endloop
  endfacet
  facet normal 0 0 -1
    outer loop
      vertex 5.816159047186375 -12.534582421183586 0
      vertex 9.76773040741682 -8.953086942434311 0
      vertex 9.853710792958736 -9.096536554396152 0
    endloop
  endfacet
  facet normal 0 0 -1
    outer loop
      vertex 5.748432368040085 -12.479616805911064 0
      vertex 9.758137598633766 -8.937410809099674 0
      vertex 9.76773040741682 -8.953086942434311 0
    endloop
  endfacet
  facet normal 0 0 -1
    outer loop
      vertex 3.5663405880331993 -10.544872969388962 0
      vertex 5.877135805785656 -2.724221132695675 0
      vertex 9.758137598633766 -8.937410809099674 0
    endloop
  endfacet
  facet normal -0.382683427949758 -0.923879534340177 0
    outer loop
      vertex -3.9849999994039536 -13.26799999922514 0
      vertex -4.692106783390045 -12.975106783211231 1.8
      vertex -4.692106783390045 -12.975106783211231 0
    endloop
  endfacet
  facet normal 0 -1 0
    outer loop
      vertex 0.42900000512599945 -13.26799999922514 0
      vertex -3.9849999994039536 -13.26799999922514 1.8
      vertex -3.9849999994039536 -13.26799999922514 0
    endloop
  endfacet
  facet normal -0.7071067806139002 -0.707106781759195 -1.3273728521892345e-16
    outer loop
      vertex -4.692106783390045 -12.975106783211231 0
      vertex -9.292106784880161 -8.375106789171696 1.8
      vertex -9.292106784880161 -8.375106789171696 0
    endloop
  endfacet
  facet normal -0.923879534340177 -0.382683427949758 0
    outer loop
      vertex -9.292106784880161 -8.375106789171696 0
      vertex -9.58500000089407 -7.668000005185604 1.8
      vertex -9.58500000089407 -7.668000005185604 0
    endloop
  endfacet
  facet normal 0.382683427949758 -0.923879534340177 0
    outer loop
      vertex 1.136106789112091 -12.975106783211231 0
      vertex 0.42900000512599945 -13.26799999922514 1.8
      vertex 0.42900000512599945 -13.26799999922514 0
    endloop
  endfacet
  facet normal 0.7071067833543867 -0.7071067790187082 -8.973144743014943e-18
    outer loop
      vertex 3.5663405880331993 -10.544872969388962 0
      vertex 1.136106789112091 -12.975106783211231 1.8
      vertex 1.136106789112091 -12.975106783211231 0
    endloop
  endfacet
  facet normal -0.6634259961742808 -0.7482419044668396 6.34494691393351e-17
    outer loop
      vertex 5.748432368040085 -12.479616805911064 0
      vertex 3.5663405880331993 -10.544872969388962 1.8
      vertex 3.5663405880331993 -10.544872969388962 0
    endloop
  endfacet
  facet normal -0.382683443953035 -0.9238795277114026 0
    outer loop
      vertex 6.503935813903809 -12.930032074451447 0
      vertex 6.413270652294159 -12.892477333545685 1.8
      vertex 6.413270652294159 -12.892477333545685 0
    endloop
  endfacet
  facet normal -0.24298015939615084 -0.9700312583313081 0
    outer loop
      vertex 6.9175442680716515 -13.055498838424683 0
      vertex 6.755312755703926 -13.014861963689327 1.8
      vertex 6.755312755703926 -13.014861963689327 0
    endloop
  endfacet
  facet normal -0.2902847415729003 -0.9569403162214217 0
    outer loop
      vertex 6.755312755703926 -13.014861963689327 0
      vertex 6.661403022706509 -12.986374750733376 1.8
      vertex 6.661403022706509 -12.986374750733376 0
    endloop
  endfacet
  facet normal -0.336889896078057 -0.941544049909783 0
    outer loop
      vertex 6.661403022706509 -12.986374750733376 0
      vertex 6.503935813903809 -12.930032074451447 1.8
      vertex 6.503935813903809 -12.930032074451447 0
    endloop
  endfacet
  facet normal -0.5555702507806306 -0.8314696004350052 0
    outer loop
      vertex 6.032086908817291 -12.688730388879776 0
      vertex 5.950490355491638 -12.63420931249857 1.8
      vertex 5.950490355491638 -12.63420931249857 0
    endloop
  endfacet
  facet normal -0.514102763711183 -0.8577285983016559 0
    outer loop
      vertex 6.175536520779133 -12.774710781872272 0
      vertex 6.032086908817291 -12.688730388879776 1.8
      vertex 6.032086908817291 -12.688730388879776 0
    endloop
  endfacet
  facet normal -0.5956993165623518 -0.8032075225289831 0
    outer loop
      vertex 5.950490355491638 -12.63420931249857 0
      vertex 5.816159047186375 -12.534582421183586 1.8
      vertex 5.816159047186375 -12.534582421183586 0
    endloop
  endfacet
  facet normal -0.630162218858316 -0.7764635071421991 0
    outer loop
      vertex 5.816159047186375 -12.534582421183586 0
      vertex 5.748432368040085 -12.479616805911064 1.8
      vertex 5.748432368040085 -12.479616805911064 0
    endloop
  endfacet
  facet normal -0.42755505738956584 -0.9039893101694317 0
    outer loop
      vertex 6.413270652294159 -12.892477333545685 0
      vertex 6.2620842307806015 -12.820971488952637 1.8
      vertex 6.2620842307806015 -12.820971488952637 0
    endloop
  endfacet
  facet normal -0.4713966757474304 -0.8819212969955267 0
    outer loop
      vertex 6.2620842307806015 -12.820971488952637 0
      vertex 6.175536520779133 -12.774710781872272 1.8
      vertex 6.175536520779133 -12.774710781872272 0
    endloop
  endfacet
  facet normal -0.14673047652309334 -0.989176509658062 0
    outer loop
      vertex 7.179227381944656 -13.099183820188046 0
      vertex 7.013793952763081 -13.074644088745117 1.8
      vertex 7.013793952763081 -13.074644088745117 0
    endloop
  endfacet
  facet normal -0.09801714051489621 -0.9951847266539429 0
    outer loop
      vertex 7.2768901735544205 -13.108802765607834 0
      vertex 7.179227381944656 -13.099183820188046 1.8
      vertex 7.179227381944656 -13.099183820188046 0
    endloop
  endfacet
  facet normal -0.04906768290526446 -0.9987954557837697 0
    outer loop
      vertex 7.443932317197323 -13.1170090213418 0
      vertex 7.2768901735544205 -13.108802765607834 1.8
      vertex 7.2768901735544205 -13.108802765607834 0
    endloop
  endfacet
  facet normal -0.1950902992644615 -0.9807852849288181 0
    outer loop
      vertex 7.013793952763081 -13.074644088745117 0
      vertex 6.9175442680716515 -13.055498838424683 1.8
      vertex 6.9175442680716515 -13.055498838424683 0
    endloop
  endfacet
  facet normal 0 -1 0
    outer loop
      vertex 7.542067684233189 -13.1170090213418 0
      vertex 7.443932317197323 -13.1170090213418 1.8
      vertex 7.443932317197323 -13.1170090213418 0
    endloop
  endfacet
  facet normal 0.0490676850885611 -0.9987954556765113 0
    outer loop
      vertex 7.70910982042551 -13.108802765607834 0
      vertex 7.542067684233189 -13.1170090213418 1.8
      vertex 7.542067684233189 -13.1170090213418 0
    endloop
  endfacet
  facet normal 0.09801714792067012 -0.9951847259245379 0
    outer loop
      vertex 7.806772604584694 -13.099183820188046 0
      vertex 7.70910982042551 -13.108802765607834 1.8
      vertex 7.70910982042551 -13.108802765607834 0
    endloop
  endfacet
  facet normal 0.1467304700571076 -0.9891765106172004 0
    outer loop
      vertex 7.97220604121685 -13.074644088745117 0
      vertex 7.806772604584694 -13.099183820188046 1.8
      vertex 7.806772604584694 -13.099183820188046 0
    endloop
  endfacet
  facet normal 0.19509028473751533 -0.9807852878184069 0
    outer loop
      vertex 8.06845573335886 -13.055498838424683 0
      vertex 7.97220604121685 -13.074644088745117 1.8
      vertex 7.97220604121685 -13.074644088745117 0
    endloop
  endfacet
  facet normal 0.24298015939615084 -0.9700312583313081 0
    outer loop
      vertex 8.230687245726585 -13.014861963689327 0
      vertex 8.06845573335886 -13.055498838424683 1.8
      vertex 8.06845573335886 -13.055498838424683 0
    endloop
  endfacet
  facet normal 0.2902847415729003 -0.9569403162214217 0
    outer loop
      vertex 8.324596978724003 -12.986374750733376 0
      vertex 8.230687245726585 -13.014861963689327 1.8
      vertex 8.230687245726585 -13.014861963689327 0
    endloop
  endfacet
  facet normal 0.336889896078057 -0.941544049909783 0
    outer loop
      vertex 8.482064187526703 -12.930032074451447 0
      vertex 8.324596978724003 -12.986374750733376 1.8
      vertex 8.324596978724003 -12.986374750733376 0
    endloop
  endfacet
  facet normal 0.3826834282291699 -0.9238795342244409 0
    outer loop
      vertex 8.572729371488094 -12.892477326095104 0
      vertex 8.482064187526703 -12.930032074451447 1.8
      vertex 8.482064187526703 -12.930032074451447 0
    endloop
  endfacet
  facet normal 0.4275550746080923 -0.9039893020256758 0
    outer loop
      vertex 8.723915785551071 -12.820971481502056 0
      vertex 8.572729371488094 -12.892477326095104 1.8
      vertex 8.572729371488094 -12.892477326095104 0
    endloop
  endfacet
  facet normal 0.47139674702540346 -0.881921258896659 0
    outer loop
      vertex 8.810463450849056 -12.774710789322853 0
      vertex 8.723915785551071 -12.820971481502056 1.8
      vertex 8.723915785551071 -12.820971481502056 0
    endloop
  endfacet
  facet normal 0.5141027440667073 -0.8577286100761021 0
    outer loop
      vertex 8.953913070261478 -12.688730396330357 0
      vertex 8.810463450849056 -12.774710789322853 1.8
      vertex 8.810463450849056 -12.774710789322853 0
    endloop
  endfacet
  facet normal 0.5555701980548708 -0.8314696356652307 0
    outer loop
      vertex 9.035509645938873 -12.63420931249857 0
      vertex 8.953913070261478 -12.688730396330357 1.8
      vertex 8.953913070261478 -12.688730396330357 0
    endloop
  endfacet
  facet normal 0.5956993165623518 -0.8032075225289831 0
    outer loop
      vertex 9.169840954244137 -12.534582421183586 0
      vertex 9.035509645938873 -12.63420931249857 1.8
      vertex 9.035509645938873 -12.63420931249857 0
    endloop
  endfacet
  facet normal 0.6343932927828078 -0.7730104462891731 0
    outer loop
      vertex 9.245700590312481 -12.472326025366783 0
      vertex 9.169840954244137 -12.534582421183586 1.8
      vertex 9.169840954244137 -12.534582421183586 0
    endloop
  endfacet
  facet normal 0.6715589523891832 -0.7409511275826113 0
    outer loop
      vertex 9.3696199208498 -12.360012091696262 0
      vertex 9.245700590312481 -12.472326025366783 1.8
      vertex 9.245700590312481 -12.472326025366783 0
    endloop
  endfacet
  facet normal 0.7071067811865475 -0.7071067811865475 0
    outer loop
      vertex 9.439012072980404 -12.290619939565659 0
      vertex 9.3696199208498 -12.360012091696262 1.8
      vertex 9.3696199208498 -12.360012091696262 0
    endloop
  endfacet
  facet normal 0.7409511074912699 -0.6715589745565614 0
    outer loop
      vertex 9.551326006650925 -12.16670061647892 0
      vertex 9.439012072980404 -12.290619939565659 1.8
      vertex 9.439012072980404 -12.290619939565659 0
    endloop
  endfacet
  facet normal 0.7730104434623055 -0.634393296227356 0
    outer loop
      vertex 9.61358243972063 -12.090840935707092 0
      vertex 9.551326006650925 -12.16670061647892 1.8
      vertex 9.551326006650925 -12.16670061647892 0
    endloop
  endfacet
  facet normal 0.8032075383376345 -0.5956992952468532 0
    outer loop
      vertex 9.713209331035614 -11.956509619951248 0
      vertex 9.61358243972063 -12.090840935707092 1.8
      vertex 9.61358243972063 -12.090840935707092 0
    endloop
  endfacet
  facet normal 0.8314696238687989 -0.55557021570948 0
    outer loop
      vertex 9.76773040741682 -11.874913059175014 0
      vertex 9.713209331035614 -11.956509619951248 1.8
      vertex 9.713209331035614 -11.956509619951248 0
    endloop
  endfacet
  facet normal 0.8577286179461323 -0.5141027309363547 0
    outer loop
      vertex 9.853710792958736 -11.731463447213173 0
      vertex 9.76773040741682 -11.874913059175014 1.8
      vertex 9.76773040741682 -11.874913059175014 0
    endloop
  endfacet
  facet normal 0.8819212523609624 -0.47139675925283125 0
    outer loop
      vertex 9.899971462786198 -11.644915826618671 0
      vertex 9.853710792958736 -11.731463447213173 1.8
      vertex 9.853710792958736 -11.731463447213173 0
    endloop
  endfacet
  facet normal 0.9039892848071485 -0.4275551110136101 0
    outer loop
      vertex 9.971477314829826 -11.493729412555695 0
      vertex 9.899971462786198 -11.644915826618671 1.8
      vertex 9.899971462786198 -11.644915826618671 0
    endloop
  endfacet
  facet normal 0.9238795334342761 -0.38268343013679645 0
    outer loop
      vertex 10.009032100439072 -11.403064139187336 0
      vertex 9.971477314829826 -11.493729412555695 1.8
      vertex 9.971477314829826 -11.493729412555695 0
    endloop
  endfacet
  facet normal 0.9415440690967737 -0.33688984245401327 0
    outer loop
      vertex 10.06537476927042 -11.245596922934055 0
      vertex 10.009032100439072 -11.403064139187336 1.8
      vertex 10.009032100439072 -11.403064139187336 0
    endloop
  endfacet
  facet normal 0.9569403347082142 -0.29028468063012014 0
    outer loop
      vertex 10.09386195987463 -11.151687242090702 0
      vertex 10.06537476927042 -11.245596922934055 1.8
      vertex 10.06537476927042 -11.245596922934055 0
    endloop
  endfacet
  facet normal 0.9700312583313081 -0.24298015939615084 0
    outer loop
      vertex 10.134498834609985 -10.989455729722977 0
      vertex 10.09386195987463 -11.151687242090702 1.8
      vertex 10.09386195987463 -11.151687242090702 0
    endloop
  endfacet
  facet normal 0.9807852849288181 -0.1950902992644615 0
    outer loop
      vertex 10.15364408493042 -10.893206045031548 0
      vertex 10.134498834609985 -10.989455729722977 1.8
      vertex 10.134498834609985 -10.989455729722977 0
    endloop
  endfacet
  facet normal 0.989176509658062 -0.14673047652309334 0
    outer loop
      vertex 10.178183816373348 -10.727772615849972 0
      vertex 10.15364408493042 -10.893206045031548 1.8
      vertex 10.15364408493042 -10.893206045031548 0
    endloop
  endfacet
  facet normal 0.9951847266539429 -0.09801714051489621 0
    outer loop
      vertex 10.187802761793137 -10.630109824240208 0
      vertex 10.178183816373348 -10.727772615849972 1.8
      vertex 10.178183816373348 -10.727772615849972 0
    endloop
  endfacet
  facet normal 0.9987954557837697 -0.04906768290526446 0
    outer loop
      vertex 10.196009017527103 -10.463067680597305 0
      vertex 10.187802761793137 -10.630109824240208 1.8
      vertex 10.187802761793137 -10.630109824240208 0
    endloop
  endfacet
  facet normal 1 0 0
    outer loop
      vertex 10.196009017527103 -10.36493231356144 0
      vertex 10.196009017527103 -10.463067680597305 1.8
      vertex 10.196009017527103 -10.463067680597305 0
    endloop
  endfacet
  facet normal 0.9987954556765113 0.0490676850885611 0
    outer loop
      vertex 10.187802761793137 -10.197890177369118 0
      vertex 10.196009017527103 -10.36493231356144 1.8
      vertex 10.196009017527103 -10.36493231356144 0
    endloop
  endfacet
  facet normal 0.9951847259245379 0.09801714792067012 0
    outer loop
      vertex 10.178183816373348 -10.100227393209934 0
      vertex 10.187802761793137 -10.197890177369118 1.8
      vertex 10.187802761793137 -10.197890177369118 0
    endloop
  endfacet
  facet normal 0.9891765106172004 0.1467304700571076 0
    outer loop
      vertex 10.15364408493042 -9.934793956577778 0
      vertex 10.178183816373348 -10.100227393209934 1.8
      vertex 10.178183816373348 -10.100227393209934 0
    endloop
  endfacet
  facet normal 0.9807852761810495 0.195090343242464 0
    outer loop
      vertex 10.134498827159405 -9.838544256985188 0
      vertex 10.15364408493042 -9.934793956577778 1.8
      vertex 10.15364408493042 -9.934793956577778 0
    endloop
  endfacet
  facet normal 0.9700312557011476 0.24298016989634164 0
    outer loop
      vertex 10.09386195242405 -9.676312752068043 0
      vertex 10.134498827159405 -9.838544256985188 1.8
      vertex 10.134498827159405 -9.838544256985188 0
    endloop
  endfacet
  facet normal 0.9569403494005316 0.29028463219603684 0
    outer loop
      vertex 10.06537476927042 -9.58240307867527 0
      vertex 10.09386195242405 -9.676312752068043 1.8
      vertex 10.09386195242405 -9.676312752068043 0
    endloop
  endfacet
  facet normal 0.9039892848071485 0.4275551110136101 0
    outer loop
      vertex 9.899971462786198 -9.183084174990654 0
      vertex 9.971477314829826 -9.33427058905363 1.8
      vertex 9.971477314829826 -9.33427058905363 0
    endloop
  endfacet
  facet normal 0.9415440690967737 0.33688984245401327 0
    outer loop
      vertex 10.009032100439072 -9.42493586242199 0
      vertex 10.06537476927042 -9.58240307867527 1.8
      vertex 10.06537476927042 -9.58240307867527 0
    endloop
  endfacet
  facet normal 0.9238795334342761 0.38268343013679645 0
    outer loop
      vertex 9.971477314829826 -9.33427058905363 0
      vertex 10.009032100439072 -9.42493586242199 1.8
      vertex 10.009032100439072 -9.42493586242199 0
    endloop
  endfacet
  facet normal 0.8819212523609624 0.47139675925283125 0
    outer loop
      vertex 9.853710792958736 -9.096536554396152 0
      vertex 9.899971462786198 -9.183084174990654 1.8
      vertex 9.899971462786198 -9.183084174990654 0
    endloop
  endfacet
  facet normal 0.8577286179461323 0.5141027309363547 0
    outer loop
      vertex 9.76773040741682 -8.953086942434311 0
      vertex 9.853710792958736 -9.096536554396152 1.8
      vertex 9.853710792958736 -9.096536554396152 0
    endloop
  endfacet
  facet normal 0.8529681684003693 0.5219629332584061 0
    outer loop
      vertex 9.758137598633766 -8.937410809099674 0
      vertex 9.76773040741682 -8.953086942434311 1.8
      vertex 9.76773040741682 -8.953086942434311 0
    endloop
  endfacet
  facet normal 0.8481358090819003 0.5297788683526272 7.577588584071618e-17
    outer loop
      vertex 5.877135805785656 -2.724221132695675 0
      vertex 9.758137598633766 -8.937410809099674 1.8
      vertex 9.758137598633766 -8.937410809099674 0
    endloop
  endfacet
  facet normal 0 0 -1
    outer loop
      vertex 3.5663405880331993 -10.544872969388962 0
      vertex -9.58500000089407 -3.254000000655651 0
      vertex -9.292106784880161 -2.5468932166695595 0
    endloop
  endfacet
  facet normal 0 0 -1
    outer loop
      vertex 3.5663405880331993 -10.544872969388962 0
      vertex -9.292106784880161 -2.5468932166695595 0
      vertex -6.999213568866253 -0.2539999932050705 0
    endloop
  endfacet
  facet normal 0 0 -1
    outer loop
      vertex 3.5663405880331993 -10.544872969388962 0
      vertex -6.999213568866253 -0.2539999932050705 0
      vertex 3.443213567137718 -0.2540000006556511 0
    endloop
  endfacet
  facet normal 0 0 -1
    outer loop
      vertex 3.5663405880331993 -10.544872969388962 0
      vertex 5.736106783151627 -2.5468932166695595 0
      vertex 5.877135805785656 -2.724221132695675 0
    endloop
  endfacet
  facet normal 0 0 -1
    outer loop
      vertex 3.5663405880331993 -10.544872969388962 0
      vertex 3.443213567137718 -0.2540000006556511 0
      vertex 5.736106783151627 -2.5468932166695595 0
    endloop
  endfacet
  facet normal -1 0 0
    outer loop
      vertex -9.58500000089407 -7.668000005185604 0
      vertex -9.58500000089407 -3.254000000655651 1.8
      vertex -9.58500000089407 -3.254000000655651 0
    endloop
  endfacet
  facet normal -0.923879534340177 0.382683427949758 0
    outer loop
      vertex -9.58500000089407 -3.254000000655651 0
      vertex -9.292106784880161 -2.5468932166695595 1.8
      vertex -9.292106784880161 -2.5468932166695595 0
    endloop
  endfacet
  facet normal -0.7071067823353923 0.7071067800377029 -5.706372939535763e-17
    outer loop
      vertex -9.292106784880161 -2.5468932166695595 0
      vertex -6.999213568866253 -0.2539999932050705 1.8
      vertex -6.999213568866253 -0.2539999932050705 0
    endloop
  endfacet
  facet normal 0.7071067811865476 0.7071067811865476 -3.8042486325379826e-17
    outer loop
      vertex 3.443213567137718 -0.2540000006556511 0
      vertex 5.736106783151627 -2.5468932166695595 1.8
      vertex 5.736106783151627 -2.5468932166695595 0
    endloop
  endfacet
  facet normal 0.7826596974844854 0.6224498356763328 0
    outer loop
      vertex 5.736106783151627 -2.5468932166695595 0
      vertex 5.877135805785656 -2.724221132695675 1.8
      vertex 5.877135805785656 -2.724221132695675 0
    endloop
  endfacet
  facet normal -0.7071067806139002 -0.707106781759195 0
    outer loop
      vertex -4.692106783390045 -12.975106783211231 0
      vertex -4.692106783390045 -12.975106783211231 1.8
      vertex -9.292106784880161 -8.375106789171696 1.8
    endloop
  endfacet
  facet normal -0.382683427949758 -0.923879534340177 0
    outer loop
      vertex -3.9849999994039536 -13.26799999922514 0
      vertex -3.9849999994039536 -13.26799999922514 1.8
      vertex -4.692106783390045 -12.975106783211231 1.8
    endloop
  endfacet
  facet normal 0 -1 0
    outer loop
      vertex 0.42900000512599945 -13.26799999922514 0
      vertex 0.42900000512599945 -13.26799999922514 1.8
      vertex -3.9849999994039536 -13.26799999922514 1.8
    endloop
  endfacet
  facet normal -0.923879534340177 -0.382683427949758 0
    outer loop
      vertex -9.292106784880161 -8.375106789171696 0
      vertex -9.292106784880161 -8.375106789171696 1.8
      vertex -9.58500000089407 -7.668000005185604 1.8
    endloop
  endfacet
  facet normal 0.382683427949758 -0.923879534340177 0
    outer loop
      vertex 1.136106789112091 -12.975106783211231 0
      vertex 1.136106789112091 -12.975106783211231 1.8
      vertex 0.42900000512599945 -13.26799999922514 1.8
    endloop
  endfacet
  facet normal -0.6634259961742808 -0.7482419044668396 0
    outer loop
      vertex 5.748432368040085 -12.479616805911064 0
      vertex 5.748432368040085 -12.479616805911064 1.8
      vertex 3.5663405880331993 -10.544872969388962 1.8
    endloop
  endfacet
  facet normal 0.7071067833543867 -0.7071067790187082 0
    outer loop
      vertex 3.5663405880331993 -10.544872969388962 0
      vertex 3.5663405880331993 -10.544872969388962 1.8
      vertex 1.136106789112091 -12.975106783211231 1.8
    endloop
  endfacet
  facet normal -0.382683443953035 -0.9238795277114026 0
    outer loop
      vertex 6.503935813903809 -12.930032074451447 0
      vertex 6.503935813903809 -12.930032074451447 1.8
      vertex 6.413270652294159 -12.892477333545685 1.8
    endloop
  endfacet
  facet normal -0.42755505738956584 -0.9039893101694317 0
    outer loop
      vertex 6.413270652294159 -12.892477333545685 0
      vertex 6.413270652294159 -12.892477333545685 1.8
      vertex 6.2620842307806015 -12.820971488952637 1.8
    endloop
  endfacet
  facet normal -0.336889896078057 -0.941544049909783 0
    outer loop
      vertex 6.661403022706509 -12.986374750733376 0
      vertex 6.661403022706509 -12.986374750733376 1.8
      vertex 6.503935813903809 -12.930032074451447 1.8
    endloop
  endfacet
  facet normal -0.2902847415729003 -0.9569403162214217 0
    outer loop
      vertex 6.755312755703926 -13.014861963689327 0
      vertex 6.755312755703926 -13.014861963689327 1.8
      vertex 6.661403022706509 -12.986374750733376 1.8
    endloop
  endfacet
  facet normal -0.5555702507806306 -0.8314696004350052 0
    outer loop
      vertex 6.032086908817291 -12.688730388879776 0
      vertex 6.032086908817291 -12.688730388879776 1.8
      vertex 5.950490355491638 -12.63420931249857 1.8
    endloop
  endfacet
  facet normal -0.514102763711183 -0.8577285983016559 0
    outer loop
      vertex 6.175536520779133 -12.774710781872272 0
      vertex 6.175536520779133 -12.774710781872272 1.8
      vertex 6.032086908817291 -12.688730388879776 1.8
    endloop
  endfacet
  facet normal -0.630162218858316 -0.7764635071421991 0
    outer loop
      vertex 5.816159047186375 -12.534582421183586 0
      vertex 5.816159047186375 -12.534582421183586 1.8
      vertex 5.748432368040085 -12.479616805911064 1.8
    endloop
  endfacet
  facet normal -0.5956993165623518 -0.8032075225289831 0
    outer loop
      vertex 5.950490355491638 -12.63420931249857 0
      vertex 5.950490355491638 -12.63420931249857 1.8
      vertex 5.816159047186375 -12.534582421183586 1.8
    endloop
  endfacet
  facet normal -0.4713966757474304 -0.8819212969955267 0
    outer loop
      vertex 6.2620842307806015 -12.820971488952637 0
      vertex 6.2620842307806015 -12.820971488952637 1.8
      vertex 6.175536520779133 -12.774710781872272 1.8
    endloop
  endfacet
  facet normal -0.1950902992644615 -0.9807852849288181 0
    outer loop
      vertex 7.013793952763081 -13.074644088745117 0
      vertex 7.013793952763081 -13.074644088745117 1.8
      vertex 6.9175442680716515 -13.055498838424683 1.8
    endloop
  endfacet
  facet normal -0.14673047652309334 -0.989176509658062 0
    outer loop
      vertex 7.179227381944656 -13.099183820188046 0
      vertex 7.179227381944656 -13.099183820188046 1.8
      vertex 7.013793952763081 -13.074644088745117 1.8
    endloop
  endfacet
  facet normal -0.09801714051489621 -0.9951847266539429 0
    outer loop
      vertex 7.2768901735544205 -13.108802765607834 0
      vertex 7.2768901735544205 -13.108802765607834 1.8
      vertex 7.179227381944656 -13.099183820188046 1.8
    endloop
  endfacet
  facet normal -0.04906768290526446 -0.9987954557837697 0
    outer loop
      vertex 7.443932317197323 -13.1170090213418 0
      vertex 7.443932317197323 -13.1170090213418 1.8
      vertex 7.2768901735544205 -13.108802765607834 1.8
    endloop
  endfacet
  facet normal -0.24298015939615084 -0.9700312583313081 0
    outer loop
      vertex 6.9175442680716515 -13.055498838424683 0
      vertex 6.9175442680716515 -13.055498838424683 1.8
      vertex 6.755312755703926 -13.014861963689327 1.8
    endloop
  endfacet
  facet normal 0 -1 0
    outer loop
      vertex 7.542067684233189 -13.1170090213418 0
      vertex 7.542067684233189 -13.1170090213418 1.8
      vertex 7.443932317197323 -13.1170090213418 1.8
    endloop
  endfacet
  facet normal 0.0490676850885611 -0.9987954556765113 0
    outer loop
      vertex 7.70910982042551 -13.108802765607834 0
      vertex 7.70910982042551 -13.108802765607834 1.8
      vertex 7.542067684233189 -13.1170090213418 1.8
    endloop
  endfacet
  facet normal 0.09801714792067012 -0.9951847259245379 0
    outer loop
      vertex 7.806772604584694 -13.099183820188046 0
      vertex 7.806772604584694 -13.099183820188046 1.8
      vertex 7.70910982042551 -13.108802765607834 1.8
    endloop
  endfacet
  facet normal 0.1467304700571076 -0.9891765106172004 0
    outer loop
      vertex 7.97220604121685 -13.074644088745117 0
      vertex 7.97220604121685 -13.074644088745117 1.8
      vertex 7.806772604584694 -13.099183820188046 1.8
    endloop
  endfacet
  facet normal 0.19509028473751533 -0.9807852878184069 0
    outer loop
      vertex 8.06845573335886 -13.055498838424683 0
      vertex 8.06845573335886 -13.055498838424683 1.8
      vertex 7.97220604121685 -13.074644088745117 1.8
    endloop
  endfacet
  facet normal 0.24298015939615084 -0.9700312583313081 0
    outer loop
      vertex 8.230687245726585 -13.014861963689327 0
      vertex 8.230687245726585 -13.014861963689327 1.8
      vertex 8.06845573335886 -13.055498838424683 1.8
    endloop
  endfacet
  facet normal 0.2902847415729003 -0.9569403162214217 0
    outer loop
      vertex 8.324596978724003 -12.986374750733376 0
      vertex 8.324596978724003 -12.986374750733376 1.8
      vertex 8.230687245726585 -13.014861963689327 1.8
    endloop
  endfacet
  facet normal 0.336889896078057 -0.941544049909783 0
    outer loop
      vertex 8.482064187526703 -12.930032074451447 0
      vertex 8.482064187526703 -12.930032074451447 1.8
      vertex 8.324596978724003 -12.986374750733376 1.8
    endloop
  endfacet
  facet normal 0.3826834282291699 -0.9238795342244409 0
    outer loop
      vertex 8.572729371488094 -12.892477326095104 0
      vertex 8.572729371488094 -12.892477326095104 1.8
      vertex 8.482064187526703 -12.930032074451447 1.8
    endloop
  endfacet
  facet normal 0.4275550746080923 -0.9039893020256758 0
    outer loop
      vertex 8.723915785551071 -12.820971481502056 0
      vertex 8.723915785551071 -12.820971481502056 1.8
      vertex 8.572729371488094 -12.892477326095104 1.8
    endloop
  endfacet
  facet normal 0.47139674702540346 -0.881921258896659 0
    outer loop
      vertex 8.810463450849056 -12.774710789322853 0
      vertex 8.810463450849056 -12.774710789322853 1.8
      vertex 8.723915785551071 -12.820971481502056 1.8
    endloop
  endfacet
  facet normal 0.5141027440667073 -0.8577286100761021 0
    outer loop
      vertex 8.953913070261478 -12.688730396330357 0
      vertex 8.953913070261478 -12.688730396330357 1.8
      vertex 8.810463450849056 -12.774710789322853 1.8
    endloop
  endfacet
  facet normal 0.5555701980548708 -0.8314696356652307 0
    outer loop
      vertex 9.035509645938873 -12.63420931249857 0
      vertex 9.035509645938873 -12.63420931249857 1.8
      vertex 8.953913070261478 -12.688730396330357 1.8
    endloop
  endfacet
  facet normal 0.5956993165623518 -0.8032075225289831 0
    outer loop
      vertex 9.169840954244137 -12.534582421183586 0
      vertex 9.169840954244137 -12.534582421183586 1.8
      vertex 9.035509645938873 -12.63420931249857 1.8
    endloop
  endfacet
  facet normal 0.6343932927828078 -0.7730104462891731 0
    outer loop
      vertex 9.245700590312481 -12.472326025366783 0
      vertex 9.245700590312481 -12.472326025366783 1.8
      vertex 9.169840954244137 -12.534582421183586 1.8
    endloop
  endfacet
  facet normal 0.6715589523891832 -0.7409511275826113 0
    outer loop
      vertex 9.3696199208498 -12.360012091696262 0
      vertex 9.3696199208498 -12.360012091696262 1.8
      vertex 9.245700590312481 -12.472326025366783 1.8
    endloop
  endfacet
  facet normal 0.7071067811865475 -0.7071067811865475 0
    outer loop
      vertex 9.439012072980404 -12.290619939565659 0
      vertex 9.439012072980404 -12.290619939565659 1.8
      vertex 9.3696199208498 -12.360012091696262 1.8
    endloop
  endfacet
  facet normal 0.7409511074912699 -0.6715589745565614 0
    outer loop
      vertex 9.551326006650925 -12.16670061647892 0
      vertex 9.551326006650925 -12.16670061647892 1.8
      vertex 9.439012072980404 -12.290619939565659 1.8
    endloop
  endfacet
  facet normal 0.7730104434623055 -0.634393296227356 0
    outer loop
      vertex 9.61358243972063 -12.090840935707092 0
      vertex 9.61358243972063 -12.090840935707092 1.8
      vertex 9.551326006650925 -12.16670061647892 1.8
    endloop
  endfacet
  facet normal 0.8032075383376345 -0.5956992952468532 0
    outer loop
      vertex 9.713209331035614 -11.956509619951248 0
      vertex 9.713209331035614 -11.956509619951248 1.8
      vertex 9.61358243972063 -12.090840935707092 1.8
    endloop
  endfacet
  facet normal 0.8314696238687989 -0.55557021570948 0
    outer loop
      vertex 9.76773040741682 -11.874913059175014 0
      vertex 9.76773040741682 -11.874913059175014 1.8
      vertex 9.713209331035614 -11.956509619951248 1.8
    endloop
  endfacet
  facet normal 0.8577286179461323 -0.5141027309363547 0
    outer loop
      vertex 9.853710792958736 -11.731463447213173 0
      vertex 9.853710792958736 -11.731463447213173 1.8
      vertex 9.76773040741682 -11.874913059175014 1.8
    endloop
  endfacet
  facet normal 0.8819212523609624 -0.47139675925283125 0
    outer loop
      vertex 9.899971462786198 -11.644915826618671 0
      vertex 9.899971462786198 -11.644915826618671 1.8
      vertex 9.853710792958736 -11.731463447213173 1.8
    endloop
  endfacet
  facet normal 0.9039892848071485 -0.4275551110136101 0
    outer loop
      vertex 9.971477314829826 -11.493729412555695 0
      vertex 9.971477314829826 -11.493729412555695 1.8
      vertex 9.899971462786198 -11.644915826618671 1.8
    endloop
  endfacet
  facet normal 0.9238795334342761 -0.38268343013679645 0
    outer loop
      vertex 10.009032100439072 -11.403064139187336 0
      vertex 10.009032100439072 -11.403064139187336 1.8
      vertex 9.971477314829826 -11.493729412555695 1.8
    endloop
  endfacet
  facet normal 0.9415440690967737 -0.33688984245401327 0
    outer loop
      vertex 10.06537476927042 -11.245596922934055 0
      vertex 10.06537476927042 -11.245596922934055 1.8
      vertex 10.009032100439072 -11.403064139187336 1.8
    endloop
  endfacet
  facet normal 0.9569403347082142 -0.29028468063012014 0
    outer loop
      vertex 10.09386195987463 -11.151687242090702 0
      vertex 10.09386195987463 -11.151687242090702 1.8
      vertex 10.06537476927042 -11.245596922934055 1.8
    endloop
  endfacet
  facet normal 0.9700312583313081 -0.24298015939615084 0
    outer loop
      vertex 10.134498834609985 -10.989455729722977 0
      vertex 10.134498834609985 -10.989455729722977 1.8
      vertex 10.09386195987463 -11.151687242090702 1.8
    endloop
  endfacet
  facet normal 0.9807852849288181 -0.1950902992644615 0
    outer loop
      vertex 10.15364408493042 -10.893206045031548 0
      vertex 10.15364408493042 -10.893206045031548 1.8
      vertex 10.134498834609985 -10.989455729722977 1.8
    endloop
  endfacet
  facet normal 0.989176509658062 -0.14673047652309334 0
    outer loop
      vertex 10.178183816373348 -10.727772615849972 0
      vertex 10.178183816373348 -10.727772615849972 1.8
      vertex 10.15364408493042 -10.893206045031548 1.8
    endloop
  endfacet
  facet normal 0.9951847266539429 -0.09801714051489621 0
    outer loop
      vertex 10.187802761793137 -10.630109824240208 0
      vertex 10.187802761793137 -10.630109824240208 1.8
      vertex 10.178183816373348 -10.727772615849972 1.8
    endloop
  endfacet
  facet normal 0.9987954557837697 -0.04906768290526446 0
    outer loop
      vertex 10.196009017527103 -10.463067680597305 0
      vertex 10.196009017527103 -10.463067680597305 1.8
      vertex 10.187802761793137 -10.630109824240208 1.8
    endloop
  endfacet
  facet normal 1 0 0
    outer loop
      vertex 10.196009017527103 -10.36493231356144 0
      vertex 10.196009017527103 -10.36493231356144 1.8
      vertex 10.196009017527103 -10.463067680597305 1.8
    endloop
  endfacet
  facet normal 0.9987954556765113 0.0490676850885611 0
    outer loop
      vertex 10.187802761793137 -10.197890177369118 0
      vertex 10.187802761793137 -10.197890177369118 1.8
      vertex 10.196009017527103 -10.36493231356144 1.8
    endloop
  endfacet
  facet normal 0.9951847259245379 0.09801714792067012 0
    outer loop
      vertex 10.178183816373348 -10.100227393209934 0
      vertex 10.178183816373348 -10.100227393209934 1.8
      vertex 10.187802761793137 -10.197890177369118 1.8
    endloop
  endfacet
  facet normal 0.9891765106172004 0.1467304700571076 0
    outer loop
      vertex 10.15364408493042 -9.934793956577778 0
      vertex 10.15364408493042 -9.934793956577778 1.8
      vertex 10.178183816373348 -10.100227393209934 1.8
    endloop
  endfacet
  facet normal 0.9807852761810495 0.195090343242464 0
    outer loop
      vertex 10.134498827159405 -9.838544256985188 0
      vertex 10.134498827159405 -9.838544256985188 1.8
      vertex 10.15364408493042 -9.934793956577778 1.8
    endloop
  endfacet
  facet normal 0.9700312557011476 0.24298016989634164 0
    outer loop
      vertex 10.09386195242405 -9.676312752068043 0
      vertex 10.09386195242405 -9.676312752068043 1.8
      vertex 10.134498827159405 -9.838544256985188 1.8
    endloop
  endfacet
  facet normal 0.9569403494005316 0.29028463219603684 0
    outer loop
      vertex 10.06537476927042 -9.58240307867527 0
      vertex 10.06537476927042 -9.58240307867527 1.8
      vertex 10.09386195242405 -9.676312752068043 1.8
    endloop
  endfacet
  facet normal 0.9039892848071485 0.4275551110136101 0
    outer loop
      vertex 9.899971462786198 -9.183084174990654 0
      vertex 9.899971462786198 -9.183084174990654 1.8
      vertex 9.971477314829826 -9.33427058905363 1.8
    endloop
  endfacet
  facet normal 0.9415440690967737 0.33688984245401327 0
    outer loop
      vertex 10.009032100439072 -9.42493586242199 0
      vertex 10.009032100439072 -9.42493586242199 1.8
      vertex 10.06537476927042 -9.58240307867527 1.8
    endloop
  endfacet
  facet normal 0.9238795334342761 0.38268343013679645 0
    outer loop
      vertex 9.971477314829826 -9.33427058905363 0
      vertex 9.971477314829826 -9.33427058905363 1.8
      vertex 10.009032100439072 -9.42493586242199 1.8
    endloop
  endfacet
  facet normal 0.8819212523609624 0.47139675925283125 0
    outer loop
      vertex 9.853710792958736 -9.096536554396152 0
      vertex 9.853710792958736 -9.096536554396152 1.8
      vertex 9.899971462786198 -9.183084174990654 1.8
    endloop
  endfacet
  facet normal 0.8577286179461323 0.5141027309363547 0
    outer loop
      vertex 9.76773040741682 -8.953086942434311 0
      vertex 9.76773040741682 -8.953086942434311 1.8
      vertex 9.853710792958736 -9.096536554396152 1.8
    endloop
  endfacet
  facet normal 0.8529681684003693 0.5219629332584061 0
    outer loop
      vertex 9.758137598633766 -8.937410809099674 0
      vertex 9.758137598633766 -8.937410809099674 1.8
      vertex 9.76773040741682 -8.953086942434311 1.8
    endloop
  endfacet
  facet normal 0 0 1
    outer loop
      vertex -4.692106783390045 -12.975106783211231 1.8
      vertex -3.9849999994039536 -13.26799999922514 1.8
      vertex 3.5663405880331993 -10.544872969388962 1.8
    endloop
  endfacet
  facet normal 0 0 1
    outer loop
      vertex -3.9849999994039536 -13.26799999922514 1.8
      vertex 0.42900000512599945 -13.26799999922514 1.8
      vertex 3.5663405880331993 -10.544872969388962 1.8
    endloop
  endfacet
  facet normal 0 0 1
    outer loop
      vertex -9.292106784880161 -8.375106789171696 1.8
      vertex -4.692106783390045 -12.975106783211231 1.8
      vertex 3.5663405880331993 -10.544872969388962 1.8
    endloop
  endfacet
  facet normal 0 0 1
    outer loop
      vertex -9.58500000089407 -7.668000005185604 1.8
      vertex -9.292106784880161 -8.375106789171696 1.8
      vertex 3.5663405880331993 -10.544872969388962 1.8
    endloop
  endfacet
  facet normal 0 0 1
    outer loop
      vertex -9.58500000089407 -3.254000000655651 1.8
      vertex -9.58500000089407 -7.668000005185604 1.8
      vertex 3.5663405880331993 -10.544872969388962 1.8
    endloop
  endfacet
  facet normal 0 0 1
    outer loop
      vertex 0.42900000512599945 -13.26799999922514 1.8
      vertex 1.136106789112091 -12.975106783211231 1.8
      vertex 3.5663405880331993 -10.544872969388962 1.8
    endloop
  endfacet
  facet normal 0 0 1
    outer loop
      vertex 10.196009017527103 -10.463067680597305 1.8
      vertex 6.661403022706509 -12.986374750733376 1.8
      vertex 6.755312755703926 -13.014861963689327 1.8
    endloop
  endfacet
  facet normal 0 0 1
    outer loop
      vertex 10.196009017527103 -10.463067680597305 1.8
      vertex 6.9175442680716515 -13.055498838424683 1.8
      vertex 7.013793952763081 -13.074644088745117 1.8
    endloop
  endfacet
  facet normal 0 0 1
    outer loop
      vertex 10.196009017527103 -10.463067680597305 1.8
      vertex 6.755312755703926 -13.014861963689327 1.8
      vertex 6.9175442680716515 -13.055498838424683 1.8
    endloop
  endfacet
  facet normal 0 0 1
    outer loop
      vertex 10.196009017527103 -10.463067680597305 1.8
      vertex 6.503935813903809 -12.930032074451447 1.8
      vertex 6.661403022706509 -12.986374750733376 1.8
    endloop
  endfacet
  facet normal 0 0 1
    outer loop
      vertex 10.15364408493042 -9.934793956577778 1.8
      vertex 6.175536520779133 -12.774710781872272 1.8
      vertex 6.2620842307806015 -12.820971488952637 1.8
    endloop
  endfacet
  facet normal 0 0 1
    outer loop
      vertex 10.15364408493042 -9.934793956577778 1.8
      vertex 6.2620842307806015 -12.820971488952637 1.8
      vertex 6.413270652294159 -12.892477333545685 1.8
    endloop
  endfacet
  facet normal 0 0 1
    outer loop
      vertex 10.15364408493042 -9.934793956577778 1.8
      vertex 6.413270652294159 -12.892477333545685 1.8
      vertex 6.503935813903809 -12.930032074451447 1.8
    endloop
  endfacet
  facet normal 0 0 1
    outer loop
      vertex 10.15364408493042 -9.934793956577778 1.8
      vertex 6.032086908817291 -12.688730388879776 1.8
      vertex 6.175536520779133 -12.774710781872272 1.8
    endloop
  endfacet
  facet normal 0 0 1
    outer loop
      vertex 10.06537476927042 -11.245596922934055 1.8
      vertex 7.2768901735544205 -13.108802765607834 1.8
      vertex 7.443932317197323 -13.1170090213418 1.8
    endloop
  endfacet
  facet normal 0 0 1
    outer loop
      vertex 10.06537476927042 -11.245596922934055 1.8
      vertex 7.443932317197323 -13.1170090213418 1.8
      vertex 7.542067684233189 -13.1170090213418 1.8
    endloop
  endfacet
  facet normal 0 0 1
    outer loop
      vertex 9.853710792958736 -11.731463447213173 1.8
      vertex 7.806772604584694 -13.099183820188046 1.8
      vertex 7.97220604121685 -13.074644088745117 1.8
    endloop
  endfacet
  facet normal 0 0 1
    outer loop
      vertex 9.76773040741682 -11.874913059175014 1.8
      vertex 8.06845573335886 -13.055498838424683 1.8
      vertex 8.230687245726585 -13.014861963689327 1.8
    endloop
  endfacet
  facet normal 0 0 1
    outer loop
      vertex 9.853710792958736 -11.731463447213173 1.8
      vertex 7.97220604121685 -13.074644088745117 1.8
      vertex 8.06845573335886 -13.055498838424683 1.8
    endloop
  endfacet
  facet normal 0 0 1
    outer loop
      vertex 10.06537476927042 -11.245596922934055 1.8
      vertex 7.542067684233189 -13.1170090213418 1.8
      vertex 7.70910982042551 -13.108802765607834 1.8
    endloop
  endfacet
  facet normal 0 0 1
    outer loop
      vertex 10.06537476927042 -11.245596922934055 1.8
      vertex 7.70910982042551 -13.108802765607834 1.8
      vertex 7.806772604584694 -13.099183820188046 1.8
    endloop
  endfacet
  facet normal 0 0 1
    outer loop
      vertex 9.713209331035614 -11.956509619951248 1.8
      vertex 8.230687245726585 -13.014861963689327 1.8
      vertex 8.324596978724003 -12.986374750733376 1.8
    endloop
  endfacet
  facet normal 0 0 1
    outer loop
      vertex 9.439012072980404 -12.290619939565659 1.8
      vertex 8.572729371488094 -12.892477326095104 1.8
      vertex 8.723915785551071 -12.820971481502056 1.8
    endloop
  endfacet
  facet normal 0 0 1
    outer loop
      vertex 9.713209331035614 -11.956509619951248 1.8
      vertex 8.324596978724003 -12.986374750733376 1.8
      vertex 8.482064187526703 -12.930032074451447 1.8
    endloop
  endfacet
  facet normal 0 0 1
    outer loop
      vertex 9.61358243972063 -12.090840935707092 1.8
      vertex 8.482064187526703 -12.930032074451447 1.8
      vertex 8.572729371488094 -12.892477326095104 1.8
    endloop
  endfacet
  facet normal 0 0 1
    outer loop
      vertex 9.439012072980404 -12.290619939565659 1.8
      vertex 8.723915785551071 -12.820971481502056 1.8
      vertex 8.810463450849056 -12.774710789322853 1.8
    endloop
  endfacet
  facet normal 0 0 1
    outer loop
      vertex 9.245700590312481 -12.472326025366783 1.8
      vertex 8.810463450849056 -12.774710789322853 1.8
      vertex 8.953913070261478 -12.688730396330357 1.8
    endloop
  endfacet
  facet normal 0 0 1
    outer loop
      vertex 9.245700590312481 -12.472326025366783 1.8
      vertex 8.953913070261478 -12.688730396330357 1.8
      vertex 9.035509645938873 -12.63420931249857 1.8
    endloop
  endfacet
  facet normal 0 0 1
    outer loop
      vertex 9.245700590312481 -12.472326025366783 1.8
      vertex 9.3696199208498 -12.360012091696262 1.8
      vertex 8.810463450849056 -12.774710789322853 1.8
    endloop
  endfacet
  facet normal 0 0 1
    outer loop
      vertex 9.245700590312481 -12.472326025366783 1.8
      vertex 9.035509645938873 -12.63420931249857 1.8
      vertex 9.169840954244137 -12.534582421183586 1.8
    endloop
  endfacet
  facet normal 0 0 1
    outer loop
      vertex 9.3696199208498 -12.360012091696262 1.8
      vertex 9.439012072980404 -12.290619939565659 1.8
      vertex 8.810463450849056 -12.774710789322853 1.8
    endloop
  endfacet
  facet normal 0 0 1
    outer loop
      vertex 9.439012072980404 -12.290619939565659 1.8
      vertex 9.551326006650925 -12.16670061647892 1.8
      vertex 8.572729371488094 -12.892477326095104 1.8
    endloop
  endfacet
  facet normal 0 0 1
    outer loop
      vertex 10.134498834609985 -10.989455729722977 1.8
      vertex 7.179227381944656 -13.099183820188046 1.8
      vertex 7.2768901735544205 -13.108802765607834 1.8
    endloop
  endfacet
  facet normal 0 0 1
    outer loop
      vertex 10.134498834609985 -10.989455729722977 1.8
      vertex 7.013793952763081 -13.074644088745117 1.8
      vertex 7.179227381944656 -13.099183820188046 1.8
    endloop
  endfacet
  facet normal 0 0 1
    outer loop
      vertex 9.551326006650925 -12.16670061647892 1.8
      vertex 9.61358243972063 -12.090840935707092 1.8
      vertex 8.572729371488094 -12.892477326095104 1.8
    endloop
  endfacet
  facet normal 0 0 1
    outer loop
      vertex 9.61358243972063 -12.090840935707092 1.8
      vertex 9.713209331035614 -11.956509619951248 1.8
      vertex 8.482064187526703 -12.930032074451447 1.8
    endloop
  endfacet
  facet normal 0 0 1
    outer loop
      vertex 9.713209331035614 -11.956509619951248 1.8
      vertex 9.76773040741682 -11.874913059175014 1.8
      vertex 8.230687245726585 -13.014861963689327 1.8
    endloop
  endfacet
  facet normal 0 0 1
    outer loop
      vertex 9.76773040741682 -11.874913059175014 1.8
      vertex 9.853710792958736 -11.731463447213173 1.8
      vertex 8.06845573335886 -13.055498838424683 1.8
    endloop
  endfacet
  facet normal 0 0 1
    outer loop
      vertex 9.853710792958736 -11.731463447213173 1.8
      vertex 9.899971462786198 -11.644915826618671 1.8
      vertex 7.806772604584694 -13.099183820188046 1.8
    endloop
  endfacet
  facet normal 0 0 1
    outer loop
      vertex 9.899971462786198 -11.644915826618671 1.8
      vertex 9.971477314829826 -11.493729412555695 1.8
      vertex 7.806772604584694 -13.099183820188046 1.8
    endloop
  endfacet
  facet normal 0 0 1
    outer loop
      vertex 9.971477314829826 -11.493729412555695 1.8
      vertex 10.009032100439072 -11.403064139187336 1.8
      vertex 7.806772604584694 -13.099183820188046 1.8
    endloop
  endfacet
  facet normal 0 0 1
    outer loop
      vertex 10.06537476927042 -11.245596922934055 1.8
      vertex 10.09386195987463 -11.151687242090702 1.8
      vertex 7.2768901735544205 -13.108802765607834 1.8
    endloop
  endfacet
  facet normal 0 0 1
    outer loop
      vertex 10.009032100439072 -11.403064139187336 1.8
      vertex 10.06537476927042 -11.245596922934055 1.8
      vertex 7.806772604584694 -13.099183820188046 1.8
    endloop
  endfacet
  facet normal 0 0 1
    outer loop
      vertex 10.09386195987463 -11.151687242090702 1.8
      vertex 10.134498834609985 -10.989455729722977 1.8
      vertex 7.2768901735544205 -13.108802765607834 1.8
    endloop
  endfacet
  facet normal 0 0 1
    outer loop
      vertex 10.134498834609985 -10.989455729722977 1.8
      vertex 10.15364408493042 -10.893206045031548 1.8
      vertex 7.013793952763081 -13.074644088745117 1.8
    endloop
  endfacet
  facet normal 0 0 1
    outer loop
      vertex 9.899971462786198 -9.183084174990654 1.8
      vertex 5.816159047186375 -12.534582421183586 1.8
      vertex 5.950490355491638 -12.63420931249857 1.8
    endloop
  endfacet
  facet normal 0 0 1
    outer loop
      vertex 9.899971462786198 -9.183084174990654 1.8
      vertex 5.950490355491638 -12.63420931249857 1.8
      vertex 6.032086908817291 -12.688730388879776 1.8
    endloop
  endfacet
  facet normal 0 0 1
    outer loop
      vertex 9.76773040741682 -8.953086942434311 1.8
      vertex 5.748432368040085 -12.479616805911064 1.8
      vertex 5.816159047186375 -12.534582421183586 1.8
    endloop
  endfacet
  facet normal 0 0 1
    outer loop
      vertex 9.758137598633766 -8.937410809099674 1.8
      vertex 3.5663405880331993 -10.544872969388962 1.8
      vertex 5.748432368040085 -12.479616805911064 1.8
    endloop
  endfacet
  facet normal 0 0 1
    outer loop
      vertex 10.15364408493042 -10.893206045031548 1.8
      vertex 10.178183816373348 -10.727772615849972 1.8
      vertex 7.013793952763081 -13.074644088745117 1.8
    endloop
  endfacet
  facet normal 0 0 1
    outer loop
      vertex 10.178183816373348 -10.727772615849972 1.8
      vertex 10.187802761793137 -10.630109824240208 1.8
      vertex 7.013793952763081 -13.074644088745117 1.8
    endloop
  endfacet
  facet normal 0 0 1
    outer loop
      vertex 10.196009017527103 -10.463067680597305 1.8
      vertex 10.196009017527103 -10.36493231356144 1.8
      vertex 6.503935813903809 -12.930032074451447 1.8
    endloop
  endfacet
  facet normal 0 0 1
    outer loop
      vertex 10.187802761793137 -10.630109824240208 1.8
      vertex 10.196009017527103 -10.463067680597305 1.8
      vertex 7.013793952763081 -13.074644088745117 1.8
    endloop
  endfacet
  facet normal 0 0 1
    outer loop
      vertex 10.196009017527103 -10.36493231356144 1.8
      vertex 10.187802761793137 -10.197890177369118 1.8
      vertex 6.503935813903809 -12.930032074451447 1.8
    endloop
  endfacet
  facet normal 0 0 1
    outer loop
      vertex 10.187802761793137 -10.197890177369118 1.8
      vertex 10.178183816373348 -10.100227393209934 1.8
      vertex 6.503935813903809 -12.930032074451447 1.8
    endloop
  endfacet
  facet normal 0 0 1
    outer loop
      vertex 10.178183816373348 -10.100227393209934 1.8
      vertex 10.15364408493042 -9.934793956577778 1.8
      vertex 6.503935813903809 -12.930032074451447 1.8
    endloop
  endfacet
  facet normal 0 0 1
    outer loop
      vertex 10.15364408493042 -9.934793956577778 1.8
      vertex 10.134498827159405 -9.838544256985188 1.8
      vertex 6.032086908817291 -12.688730388879776 1.8
    endloop
  endfacet
  facet normal 0 0 1
    outer loop
      vertex 10.06537476927042 -9.58240307867527 1.8
      vertex 10.009032100439072 -9.42493586242199 1.8
      vertex 6.032086908817291 -12.688730388879776 1.8
    endloop
  endfacet
  facet normal 0 0 1
    outer loop
      vertex 10.009032100439072 -9.42493586242199 1.8
      vertex 9.971477314829826 -9.33427058905363 1.8
      vertex 6.032086908817291 -12.688730388879776 1.8
    endloop
  endfacet
  facet normal 0 0 1
    outer loop
      vertex 9.971477314829826 -9.33427058905363 1.8
      vertex 9.899971462786198 -9.183084174990654 1.8
      vertex 6.032086908817291 -12.688730388879776 1.8
    endloop
  endfacet
  facet normal 0 0 1
    outer loop
      vertex 10.134498827159405 -9.838544256985188 1.8
      vertex 10.09386195242405 -9.676312752068043 1.8
      vertex 6.032086908817291 -12.688730388879776 1.8
    endloop
  endfacet
  facet normal 0 0 1
    outer loop
      vertex 10.09386195242405 -9.676312752068043 1.8
      vertex 10.06537476927042 -9.58240307867527 1.8
      vertex 6.032086908817291 -12.688730388879776 1.8
    endloop
  endfacet
  facet normal 0 0 1
    outer loop
      vertex 9.899971462786198 -9.183084174990654 1.8
      vertex 9.853710792958736 -9.096536554396152 1.8
      vertex 5.816159047186375 -12.534582421183586 1.8
    endloop
  endfacet
  facet normal 0 0 1
    outer loop
      vertex 9.853710792958736 -9.096536554396152 1.8
      vertex 9.76773040741682 -8.953086942434311 1.8
      vertex 5.816159047186375 -12.534582421183586 1.8
    endloop
  endfacet
  facet normal 0 0 1
    outer loop
      vertex 9.76773040741682 -8.953086942434311 1.8
      vertex 9.758137598633766 -8.937410809099674 1.8
      vertex 5.748432368040085 -12.479616805911064 1.8
    endloop
  endfacet
  facet normal 0 0 1
    outer loop
      vertex 9.758137598633766 -8.937410809099674 1.8
      vertex 5.877135805785656 -2.724221132695675 1.8
      vertex 3.5663405880331993 -10.544872969388962 1.8
    endloop
  endfacet
  facet normal -1 0 0
    outer loop
      vertex -9.58500000089407 -7.668000005185604 0
      vertex -9.58500000089407 -7.668000005185604 1.8
      vertex -9.58500000089407 -3.254000000655651 1.8
    endloop
  endfacet
  facet normal -0.923879534340177 0.382683427949758 0
    outer loop
      vertex -9.58500000089407 -3.254000000655651 0
      vertex -9.58500000089407 -3.254000000655651 1.8
      vertex -9.292106784880161 -2.5468932166695595 1.8
    endloop
  endfacet
  facet normal -0.7071067823353923 0.7071067800377029 0
    outer loop
      vertex -9.292106784880161 -2.5468932166695595 0
      vertex -9.292106784880161 -2.5468932166695595 1.8
      vertex -6.999213568866253 -0.2539999932050705 1.8
    endloop
  endfacet
  facet normal 0.8481358090819003 0.5297788683526272 0
    outer loop
      vertex 5.877135805785656 -2.724221132695675 0
      vertex 5.877135805785656 -2.724221132695675 1.8
      vertex 9.758137598633766 -8.937410809099674 1.8
    endloop
  endfacet
  facet normal 0.7071067811865476 0.7071067811865476 0
    outer loop
      vertex 3.443213567137718 -0.2540000006556511 0
      vertex 3.443213567137718 -0.2540000006556511 1.8
      vertex 5.736106783151627 -2.5468932166695595 1.8
    endloop
  endfacet
  facet normal 0.7826596974844854 0.6224498356763328 0
    outer loop
      vertex 5.736106783151627 -2.5468932166695595 0
      vertex 5.736106783151627 -2.5468932166695595 1.8
      vertex 5.877135805785656 -2.724221132695675 1.8
    endloop
  endfacet
  facet normal 0 0 1
    outer loop
      vertex -9.292106784880161 -2.5468932166695595 1.8
      vertex -9.58500000089407 -3.254000000655651 1.8
      vertex 3.5663405880331993 -10.544872969388962 1.8
    endloop
  endfacet
  facet normal 0 0 1
    outer loop
      vertex -6.999213568866253 -0.2539999932050705 1.8
      vertex -9.292106784880161 -2.5468932166695595 1.8
      vertex 3.5663405880331993 -10.544872969388962 1.8
    endloop
  endfacet
  facet normal 0 0 1
    outer loop
      vertex 3.443213567137718 -0.2540000006556511 1.8
      vertex -6.999213568866253 -0.2539999932050705 1.8
      vertex 3.5663405880331993 -10.544872969388962 1.8
    endloop
  endfacet
  facet normal 0 0 1
    outer loop
      vertex 5.877135805785656 -2.724221132695675 1.8
      vertex 5.736106783151627 -2.5468932166695595 1.8
      vertex 3.5663405880331993 -10.544872969388962 1.8
    endloop
  endfacet
  facet normal 0 0 1
    outer loop
      vertex 5.736106783151627 -2.5468932166695595 1.8
      vertex 3.443213567137718 -0.2540000006556511 1.8
      vertex 3.5663405880331993 -10.544872969388962 1.8
    endloop
  endfacet
  facet normal 0 0 -1
    outer loop
      vertex -6.999213568866253 -0.2539999932050705 0
      vertex -9.292106784880161 2.0388932153582573 0
      vertex -9.58500000089407 2.745999999344349 0
    endloop
  endfacet
  facet normal 0 0 -1
    outer loop
      vertex -6.999213568866253 -0.2539999932050705 0
      vertex -9.58500000089407 2.745999999344349 0
      vertex -9.58500000089407 7.413999997079372 0
    endloop
  endfacet
  facet normal 0 0 -1
    outer loop
      vertex -6.999213568866253 -0.2539999932050705 0
      vertex -9.58500000089407 7.413999997079372 0
      vertex -9.292106784880161 8.121106781065464 0
    endloop
  endfacet
  facet normal 0 0 -1
    outer loop
      vertex -6.999213568866253 -0.2539999932050705 0
      vertex 5.736106783151627 2.0388932153582573 0
      vertex 3.443213567137718 -0.2540000006556511 0
    endloop
  endfacet
  facet normal 0 0 -1
    outer loop
      vertex -6.999213568866253 -0.2539999932050705 0
      vertex 6.028999999165535 2.745999999344349 0
      vertex 5.736106783151627 2.0388932153582573 0
    endloop
  endfacet
  facet normal 0 0 -1
    outer loop
      vertex -6.999213568866253 -0.2539999932050705 0
      vertex 6.028999999165535 7.413999997079372 0
      vertex 6.028999999165535 2.745999999344349 0
    endloop
  endfacet
  facet normal 0 0 -1
    outer loop
      vertex -6.999213568866253 -0.2539999932050705 0
      vertex 5.736106783151627 8.121106781065464 0
      vertex 6.028999999165535 7.413999997079372 0
    endloop
  endfacet
  facet normal -0.707106780037703 -0.7071067823353921 1.902124319359395e-17
    outer loop
      vertex -6.999213568866253 -0.2539999932050705 0
      vertex -9.292106784880161 2.0388932153582573 1.8
      vertex -9.292106784880161 2.0388932153582573 0
    endloop
  endfacet
  facet normal -0.923879534340177 -0.382683427949758 0
    outer loop
      vertex -9.292106784880161 2.0388932153582573 0
      vertex -9.58500000089407 2.745999999344349 1.8
      vertex -9.58500000089407 2.745999999344349 0
    endloop
  endfacet
  facet normal -1 0 0
    outer loop
      vertex -9.58500000089407 2.745999999344349 0
      vertex -9.58500000089407 7.413999997079372 1.8
      vertex -9.58500000089407 7.413999997079372 0
    endloop
  endfacet
  facet normal 0.7071067811865476 -0.7071067811865476 3.8042486325379826e-17
    outer loop
      vertex 5.736106783151627 2.0388932153582573 0
      vertex 3.443213567137718 -0.2540000006556511 1.8
      vertex 3.443213567137718 -0.2540000006556511 0
    endloop
  endfacet
  facet normal 0.923879534340177 -0.382683427949758 0
    outer loop
      vertex 6.028999999165535 2.745999999344349 0
      vertex 5.736106783151627 2.0388932153582573 1.8
      vertex 5.736106783151627 2.0388932153582573 0
    endloop
  endfacet
  facet normal 1 0 0
    outer loop
      vertex 6.028999999165535 7.413999997079372 0
      vertex 6.028999999165535 2.745999999344349 1.8
      vertex 6.028999999165535 2.745999999344349 0
    endloop
  endfacet
  facet normal 0 0 -1
    outer loop
      vertex -6.999213568866253 -0.2539999932050705 0
      vertex -9.292106784880161 8.121106781065464 0
      vertex -4.692106783390045 12.72110678255558 0
    endloop
  endfacet
  facet normal 0 0 -1
    outer loop
      vertex -6.999213568866253 -0.2539999932050705 0
      vertex -4.692106783390045 12.72110678255558 0
      vertex -3.9849999994039536 13.013999998569489 0
    endloop
  endfacet
  facet normal 0 0 -1
    outer loop
      vertex -6.999213568866253 -0.2539999932050705 0
      vertex 1.136106789112091 12.72110678255558 0
      vertex 5.736106783151627 8.121106781065464 0
    endloop
  endfacet
  facet normal 0 0 -1
    outer loop
      vertex -6.999213568866253 -0.2539999932050705 0
      vertex -3.9849999994039536 13.013999998569489 0
      vertex 0.42900000512599945 13.013999998569489 0
    endloop
  endfacet
  facet normal 0 0 -1
    outer loop
      vertex -6.999213568866253 -0.2539999932050705 0
      vertex 0.42900000512599945 13.013999998569489 0
      vertex 1.136106789112091 12.72110678255558 0
    endloop
  endfacet
  facet normal -0.923879534340177 0.382683427949758 0
    outer loop
      vertex -9.58500000089407 7.413999997079372 0
      vertex -9.292106784880161 8.121106781065464 1.8
      vertex -9.292106784880161 8.121106781065464 0
    endloop
  endfacet
  facet normal -0.7071067811865475 0.7071067811865475 -1.0903419848438625e-16
    outer loop
      vertex -9.292106784880161 8.121106781065464 0
      vertex -4.692106783390045 12.72110678255558 1.8
      vertex -4.692106783390045 12.72110678255558 0
    endloop
  endfacet
  facet normal -0.382683427949758 0.923879534340177 0
    outer loop
      vertex -4.692106783390045 12.72110678255558 0
      vertex -3.9849999994039536 13.013999998569489 1.8
      vertex -3.9849999994039536 13.013999998569489 0
    endloop
  endfacet
  facet normal 0 1 0
    outer loop
      vertex -3.9849999994039536 13.013999998569489 0
      vertex 0.42900000512599945 13.013999998569489 1.8
      vertex 0.42900000512599945 13.013999998569489 0
    endloop
  endfacet
  facet normal 0.707106781759195 0.7071067806139002 -1.3273728521892345e-16
    outer loop
      vertex 1.136106789112091 12.72110678255558 0
      vertex 5.736106783151627 8.121106781065464 1.8
      vertex 5.736106783151627 8.121106781065464 0
    endloop
  endfacet
  facet normal 0.923879534340177 0.382683427949758 0
    outer loop
      vertex 5.736106783151627 8.121106781065464 0
      vertex 6.028999999165535 7.413999997079372 1.8
      vertex 6.028999999165535 7.413999997079372 0
    endloop
  endfacet
  facet normal 0.382683427949758 0.923879534340177 0
    outer loop
      vertex 0.42900000512599945 13.013999998569489 0
      vertex 1.136106789112091 12.72110678255558 1.8
      vertex 1.136106789112091 12.72110678255558 0
    endloop
  endfacet
  facet normal -0.707106780037703 -0.7071067823353921 0
    outer loop
      vertex -6.999213568866253 -0.2539999932050705 0
      vertex -6.999213568866253 -0.2539999932050705 1.8
      vertex -9.292106784880161 2.0388932153582573 1.8
    endloop
  endfacet
  facet normal -0.923879534340177 -0.382683427949758 0
    outer loop
      vertex -9.292106784880161 2.0388932153582573 0
      vertex -9.292106784880161 2.0388932153582573 1.8
      vertex -9.58500000089407 2.745999999344349 1.8
    endloop
  endfacet
  facet normal -1 0 0
    outer loop
      vertex -9.58500000089407 2.745999999344349 0
      vertex -9.58500000089407 2.745999999344349 1.8
      vertex -9.58500000089407 7.413999997079372 1.8
    endloop
  endfacet
  facet normal 0.7071067811865476 -0.7071067811865476 0
    outer loop
      vertex 5.736106783151627 2.0388932153582573 0
      vertex 5.736106783151627 2.0388932153582573 1.8
      vertex 3.443213567137718 -0.2540000006556511 1.8
    endloop
  endfacet
  facet normal 0.923879534340177 -0.382683427949758 0
    outer loop
      vertex 6.028999999165535 2.745999999344349 0
      vertex 6.028999999165535 2.745999999344349 1.8
      vertex 5.736106783151627 2.0388932153582573 1.8
    endloop
  endfacet
  facet normal 1 0 0
    outer loop
      vertex 6.028999999165535 7.413999997079372 0
      vertex 6.028999999165535 7.413999997079372 1.8
      vertex 6.028999999165535 2.745999999344349 1.8
    endloop
  endfacet
  facet normal 0 0 1
    outer loop
      vertex -9.58500000089407 2.745999999344349 1.8
      vertex -9.292106784880161 2.0388932153582573 1.8
      vertex -6.999213568866253 -0.2539999932050705 1.8
    endloop
  endfacet
  facet normal 0 0 1
    outer loop
      vertex -9.58500000089407 7.413999997079372 1.8
      vertex -9.58500000089407 2.745999999344349 1.8
      vertex -6.999213568866253 -0.2539999932050705 1.8
    endloop
  endfacet
  facet normal 0 0 1
    outer loop
      vertex -9.292106784880161 8.121106781065464 1.8
      vertex -9.58500000089407 7.413999997079372 1.8
      vertex -6.999213568866253 -0.2539999932050705 1.8
    endloop
  endfacet
  facet normal 0 0 1
    outer loop
      vertex 3.443213567137718 -0.2540000006556511 1.8
      vertex 5.736106783151627 2.0388932153582573 1.8
      vertex -6.999213568866253 -0.2539999932050705 1.8
    endloop
  endfacet
  facet normal 0 0 1
    outer loop
      vertex 5.736106783151627 2.0388932153582573 1.8
      vertex 6.028999999165535 2.745999999344349 1.8
      vertex -6.999213568866253 -0.2539999932050705 1.8
    endloop
  endfacet
  facet normal 0 0 1
    outer loop
      vertex 6.028999999165535 2.745999999344349 1.8
      vertex 6.028999999165535 7.413999997079372 1.8
      vertex -6.999213568866253 -0.2539999932050705 1.8
    endloop
  endfacet
  facet normal 0 0 1
    outer loop
      vertex 6.028999999165535 7.413999997079372 1.8
      vertex 5.736106783151627 8.121106781065464 1.8
      vertex -6.999213568866253 -0.2539999932050705 1.8
    endloop
  endfacet
  facet normal -0.923879534340177 0.382683427949758 0
    outer loop
      vertex -9.58500000089407 7.413999997079372 0
      vertex -9.58500000089407 7.413999997079372 1.8
      vertex -9.292106784880161 8.121106781065464 1.8
    endloop
  endfacet
  facet normal -0.7071067811865475 0.7071067811865475 0
    outer loop
      vertex -9.292106784880161 8.121106781065464 0
      vertex -9.292106784880161 8.121106781065464 1.8
      vertex -4.692106783390045 12.72110678255558 1.8
    endloop
  endfacet
  facet normal -0.382683427949758 0.923879534340177 0
    outer loop
      vertex -4.692106783390045 12.72110678255558 0
      vertex -4.692106783390045 12.72110678255558 1.8
      vertex -3.9849999994039536 13.013999998569489 1.8
    endloop
  endfacet
  facet normal 0 1 0
    outer loop
      vertex -3.9849999994039536 13.013999998569489 0
      vertex -3.9849999994039536 13.013999998569489 1.8
      vertex 0.42900000512599945 13.013999998569489 1.8
    endloop
  endfacet
  facet normal 0.923879534340177 0.382683427949758 0
    outer loop
      vertex 5.736106783151627 8.121106781065464 0
      vertex 5.736106783151627 8.121106781065464 1.8
      vertex 6.028999999165535 7.413999997079372 1.8
    endloop
  endfacet
  facet normal 0.707106781759195 0.7071067806139002 0
    outer loop
      vertex 1.136106789112091 12.72110678255558 0
      vertex 1.136106789112091 12.72110678255558 1.8
      vertex 5.736106783151627 8.121106781065464 1.8
    endloop
  endfacet
  facet normal 0.382683427949758 0.923879534340177 0
    outer loop
      vertex 0.42900000512599945 13.013999998569489 0
      vertex 0.42900000512599945 13.013999998569489 1.8
      vertex 1.136106789112091 12.72110678255558 1.8
    endloop
  endfacet
  facet normal 0 0 1
    outer loop
      vertex -4.692106783390045 12.72110678255558 1.8
      vertex -9.292106784880161 8.121106781065464 1.8
      vertex -6.999213568866253 -0.2539999932050705 1.8
    endloop
  endfacet
  facet normal 0 0 1
    outer loop
      vertex -3.9849999994039536 13.013999998569489 1.8
      vertex -4.692106783390045 12.72110678255558 1.8
      vertex -6.999213568866253 -0.2539999932050705 1.8
    endloop
  endfacet
  facet normal 0 0 1
    outer loop
      vertex 5.736106783151627 8.121106781065464 1.8
      vertex 1.136106789112091 12.72110678255558 1.8
      vertex -6.999213568866253 -0.2539999932050705 1.8
    endloop
  endfacet
  facet normal 0 0 1
    outer loop
      vertex 0.42900000512599945 13.013999998569489 1.8
      vertex -3.9849999994039536 13.013999998569489 1.8
      vertex -6.999213568866253 -0.2539999932050705 1.8
    endloop
  endfacet
  facet normal 0 0 1
    outer loop
      vertex 1.136106789112091 12.72110678255558 1.8
      vertex 0.42900000512599945 13.013999998569489 1.8
      vertex -6.999213568866253 -0.2539999932050705 1.8
    endloop
  endfacet
  facet normal 0 0 -1
    outer loop
      vertex 23.8863405880332 -10.544872969388962 0
      vertex 16.335000000596047 -13.26799999922514 0
      vertex 15.627893216609955 -12.975106783211231 0
    endloop
  endfacet
  facet normal 0 0 -1
    outer loop
      vertex 23.8863405880332 -10.544872969388962 0
      vertex 20.749000005126 -13.26799999922514 0
      vertex 16.335000000596047 -13.26799999922514 0
    endloop
  endfacet
  facet normal 0 0 -1
    outer loop
      vertex 23.8863405880332 -10.544872969388962 0
      vertex 15.627893216609955 -12.975106783211231 0
      vertex 11.027893215119839 -8.375106789171696 0
    endloop
  endfacet
  facet normal 0 0 -1
    outer loop
      vertex 23.8863405880332 -10.544872969388962 0
      vertex 11.027893215119839 -8.375106789171696 0
      vertex 10.73499999910593 -7.668000005185604 0
    endloop
  endfacet
  facet normal 0 0 -1
    outer loop
      vertex 23.8863405880332 -10.544872969388962 0
      vertex 10.73499999910593 -7.668000005185604 0
      vertex 10.73499999910593 -3.254000000655651 0
    endloop
  endfacet
  facet normal 0 0 -1
    outer loop
      vertex 23.8863405880332 -10.544872969388962 0
      vertex 21.45610678911209 -12.975106783211231 0
      vertex 20.749000005126 -13.26799999922514 0
    endloop
  endfacet
  facet normal 0 0 -1
    outer loop
      vertex 27.075312755703926 -13.014861963689327 0
      vertex 26.98140302270651 -12.986374750733376 0
      vertex 30.516009017527104 -10.463067680597305 0
    endloop
  endfacet
  facet normal 0 0 -1
    outer loop
      vertex 26.98140302270651 -12.986374750733376 0
      vertex 26.82393581390381 -12.930032074451447 0
      vertex 30.516009017527104 -10.463067680597305 0
    endloop
  endfacet
  facet normal 0 0 -1
    outer loop
      vertex 26.73327065229416 -12.892477333545685 0
      vertex 26.582084230780602 -12.820971488952637 0
      vertex 30.47364408493042 -9.934793956577778 0
    endloop
  endfacet
  facet normal 0 0 -1
    outer loop
      vertex 26.582084230780602 -12.820971488952637 0
      vertex 26.495536520779133 -12.774710781872272 0
      vertex 30.47364408493042 -9.934793956577778 0
    endloop
  endfacet
  facet normal 0 0 -1
    outer loop
      vertex 26.82393581390381 -12.930032074451447 0
      vertex 26.73327065229416 -12.892477333545685 0
      vertex 30.47364408493042 -9.934793956577778 0
    endloop
  endfacet
  facet normal 0 0 -1
    outer loop
      vertex 26.495536520779133 -12.774710781872272 0
      vertex 26.35208690881729 -12.688730388879776 0
      vertex 30.47364408493042 -9.934793956577778 0
    endloop
  endfacet
  facet normal 0 0 -1
    outer loop
      vertex 28.29220604121685 -13.074644088745117 0
      vertex 28.126772604584694 -13.099183820188046 0
      vertex 30.173710792958737 -11.731463447213173 0
    endloop
  endfacet
  facet normal 0 0 -1
    outer loop
      vertex 27.763932317197323 -13.1170090213418 0
      vertex 27.59689017355442 -13.108802765607834 0
      vertex 30.38537476927042 -11.245596922934055 0
    endloop
  endfacet
  facet normal 0 0 -1
    outer loop
      vertex 27.86206768423319 -13.1170090213418 0
      vertex 27.763932317197323 -13.1170090213418 0
      vertex 30.38537476927042 -11.245596922934055 0
    endloop
  endfacet
  facet normal 0 0 -1
    outer loop
      vertex 28.02910982042551 -13.108802765607834 0
      vertex 27.86206768423319 -13.1170090213418 0
      vertex 30.38537476927042 -11.245596922934055 0
    endloop
  endfacet
  facet normal 0 0 -1
    outer loop
      vertex 28.126772604584694 -13.099183820188046 0
      vertex 28.02910982042551 -13.108802765607834 0
      vertex 30.38537476927042 -11.245596922934055 0
    endloop
  endfacet
  facet normal 0 0 -1
    outer loop
      vertex 28.644596978724003 -12.986374750733376 0
      vertex 28.550687245726586 -13.014861963689327 0
      vertex 30.033209331035614 -11.956509619951248 0
    endloop
  endfacet
  facet normal 0 0 -1
    outer loop
      vertex 29.04391578555107 -12.820971481502056 0
      vertex 28.892729371488095 -12.892477326095104 0
      vertex 29.759012072980404 -12.290619939565659 0
    endloop
  endfacet
  facet normal 0 0 -1
    outer loop
      vertex 28.38845573335886 -13.055498838424683 0
      vertex 28.29220604121685 -13.074644088745117 0
      vertex 30.173710792958737 -11.731463447213173 0
    endloop
  endfacet
  facet normal 0 0 -1
    outer loop
      vertex 28.550687245726586 -13.014861963689327 0
      vertex 28.38845573335886 -13.055498838424683 0
      vertex 30.08773040741682 -11.874913059175014 0
    endloop
  endfacet
  facet normal 0 0 -1
    outer loop
      vertex 28.802064187526703 -12.930032074451447 0
      vertex 28.644596978724003 -12.986374750733376 0
      vertex 30.033209331035614 -11.956509619951248 0
    endloop
  endfacet
  facet normal 0 0 -1
    outer loop
      vertex 28.892729371488095 -12.892477326095104 0
      vertex 28.802064187526703 -12.930032074451447 0
      vertex 29.93358243972063 -12.090840935707092 0
    endloop
  endfacet
  facet normal 0 0 -1
    outer loop
      vertex 29.130463450849057 -12.774710789322853 0
      vertex 29.04391578555107 -12.820971481502056 0
      vertex 29.759012072980404 -12.290619939565659 0
    endloop
  endfacet
  facet normal 0 0 -1
    outer loop
      vertex 29.27391307026148 -12.688730396330357 0
      vertex 29.130463450849057 -12.774710789322853 0
      vertex 29.56570059031248 -12.472326025366783 0
    endloop
  endfacet
  facet normal 0 0 -1
    outer loop
      vertex 29.355509645938874 -12.63420931249857 0
      vertex 29.27391307026148 -12.688730396330357 0
      vertex 29.56570059031248 -12.472326025366783 0
    endloop
  endfacet
  facet normal 0 0 -1
    outer loop
      vertex 29.130463450849057 -12.774710789322853 0
      vertex 29.6896199208498 -12.360012091696262 0
      vertex 29.56570059031248 -12.472326025366783 0
    endloop
  endfacet
  facet normal 0 0 -1
    outer loop
      vertex 29.489840954244137 -12.534582421183586 0
      vertex 29.355509645938874 -12.63420931249857 0
      vertex 29.56570059031248 -12.472326025366783 0
    endloop
  endfacet
  facet normal 0 0 -1
    outer loop
      vertex 28.892729371488095 -12.892477326095104 0
      vertex 29.871326006650925 -12.16670061647892 0
      vertex 29.759012072980404 -12.290619939565659 0
    endloop
  endfacet
  facet normal 0 0 -1
    outer loop
      vertex 29.130463450849057 -12.774710789322853 0
      vertex 29.759012072980404 -12.290619939565659 0
      vertex 29.6896199208498 -12.360012091696262 0
    endloop
  endfacet
  facet normal 0 0 -1
    outer loop
      vertex 27.59689017355442 -13.108802765607834 0
      vertex 27.499227381944657 -13.099183820188046 0
      vertex 30.454498834609986 -10.989455729722977 0
    endloop
  endfacet
  facet normal 0 0 -1
    outer loop
      vertex 27.499227381944657 -13.099183820188046 0
      vertex 27.33379395276308 -13.074644088745117 0
      vertex 30.454498834609986 -10.989455729722977 0
    endloop
  endfacet
  facet normal 0 0 -1
    outer loop
      vertex 27.33379395276308 -13.074644088745117 0
      vertex 27.23754426807165 -13.055498838424683 0
      vertex 30.516009017527104 -10.463067680597305 0
    endloop
  endfacet
  facet normal 0 0 -1
    outer loop
      vertex 27.23754426807165 -13.055498838424683 0
      vertex 27.075312755703926 -13.014861963689327 0
      vertex 30.516009017527104 -10.463067680597305 0
    endloop
  endfacet
  facet normal 0 0 -1
    outer loop
      vertex 28.126772604584694 -13.099183820188046 0
      vertex 30.219971462786198 -11.644915826618671 0
      vertex 30.173710792958737 -11.731463447213173 0
    endloop
  endfacet
  facet normal 0 0 -1
    outer loop
      vertex 27.59689017355442 -13.108802765607834 0
      vertex 30.41386195987463 -11.151687242090702 0
      vertex 30.38537476927042 -11.245596922934055 0
    endloop
  endfacet
  facet normal 0 0 -1
    outer loop
      vertex 27.59689017355442 -13.108802765607834 0
      vertex 30.454498834609986 -10.989455729722977 0
      vertex 30.41386195987463 -11.151687242090702 0
    endloop
  endfacet
  facet normal 0 0 -1
    outer loop
      vertex 27.33379395276308 -13.074644088745117 0
      vertex 30.47364408493042 -10.893206045031548 0
      vertex 30.454498834609986 -10.989455729722977 0
    endloop
  endfacet
  facet normal 0 0 -1
    outer loop
      vertex 28.892729371488095 -12.892477326095104 0
      vertex 29.93358243972063 -12.090840935707092 0
      vertex 29.871326006650925 -12.16670061647892 0
    endloop
  endfacet
  facet normal 0 0 -1
    outer loop
      vertex 28.802064187526703 -12.930032074451447 0
      vertex 30.033209331035614 -11.956509619951248 0
      vertex 29.93358243972063 -12.090840935707092 0
    endloop
  endfacet
  facet normal 0 0 -1
    outer loop
      vertex 28.550687245726586 -13.014861963689327 0
      vertex 30.08773040741682 -11.874913059175014 0
      vertex 30.033209331035614 -11.956509619951248 0
    endloop
  endfacet
  facet normal 0 0 -1
    outer loop
      vertex 28.38845573335886 -13.055498838424683 0
      vertex 30.173710792958737 -11.731463447213173 0
      vertex 30.08773040741682 -11.874913059175014 0
    endloop
  endfacet
  facet normal 0 0 -1
    outer loop
      vertex 28.126772604584694 -13.099183820188046 0
      vertex 30.291477314829827 -11.493729412555695 0
      vertex 30.219971462786198 -11.644915826618671 0
    endloop
  endfacet
  facet normal 0 0 -1
    outer loop
      vertex 28.126772604584694 -13.099183820188046 0
      vertex 30.329032100439072 -11.403064139187336 0
      vertex 30.291477314829827 -11.493729412555695 0
    endloop
  endfacet
  facet normal 0 0 -1
    outer loop
      vertex 28.126772604584694 -13.099183820188046 0
      vertex 30.38537476927042 -11.245596922934055 0
      vertex 30.329032100439072 -11.403064139187336 0
    endloop
  endfacet
  facet normal 0 0 -1
    outer loop
      vertex 26.35208690881729 -12.688730388879776 0
      vertex 26.27049035549164 -12.63420931249857 0
      vertex 30.219971462786198 -9.183084174990654 0
    endloop
  endfacet
  facet normal 0 0 -1
    outer loop
      vertex 26.27049035549164 -12.63420931249857 0
      vertex 26.136159047186375 -12.534582421183586 0
      vertex 30.219971462786198 -9.183084174990654 0
    endloop
  endfacet
  facet normal 0 0 -1
    outer loop
      vertex 26.136159047186375 -12.534582421183586 0
      vertex 26.068432368040085 -12.479616805911064 0
      vertex 30.08773040741682 -8.953086942434311 0
    endloop
  endfacet
  facet normal 0 0 -1
    outer loop
      vertex 26.068432368040085 -12.479616805911064 0
      vertex 23.8863405880332 -10.544872969388962 0
      vertex 30.078137598633766 -8.937410809099674 0
    endloop
  endfacet
  facet normal 0 0 -1
    outer loop
      vertex 27.33379395276308 -13.074644088745117 0
      vertex 30.49818381637335 -10.727772615849972 0
      vertex 30.47364408493042 -10.893206045031548 0
    endloop
  endfacet
  facet normal 0 0 -1
    outer loop
      vertex 27.33379395276308 -13.074644088745117 0
      vertex 30.507802761793137 -10.630109824240208 0
      vertex 30.49818381637335 -10.727772615849972 0
    endloop
  endfacet
  facet normal 0 0 -1
    outer loop
      vertex 27.33379395276308 -13.074644088745117 0
      vertex 30.516009017527104 -10.463067680597305 0
      vertex 30.507802761793137 -10.630109824240208 0
    endloop
  endfacet
  facet normal 0 0 -1
    outer loop
      vertex 26.82393581390381 -12.930032074451447 0
      vertex 30.516009017527104 -10.36493231356144 0
      vertex 30.516009017527104 -10.463067680597305 0
    endloop
  endfacet
  facet normal 0 0 -1
    outer loop
      vertex 26.82393581390381 -12.930032074451447 0
      vertex 30.507802761793137 -10.197890177369118 0
      vertex 30.516009017527104 -10.36493231356144 0
    endloop
  endfacet
  facet normal 0 0 -1
    outer loop
      vertex 26.82393581390381 -12.930032074451447 0
      vertex 30.49818381637335 -10.100227393209934 0
      vertex 30.507802761793137 -10.197890177369118 0
    endloop
  endfacet
  facet normal 0 0 -1
    outer loop
      vertex 26.35208690881729 -12.688730388879776 0
      vertex 30.454498827159405 -9.838544256985188 0
      vertex 30.47364408493042 -9.934793956577778 0
    endloop
  endfacet
  facet normal 0 0 -1
    outer loop
      vertex 26.82393581390381 -12.930032074451447 0
      vertex 30.47364408493042 -9.934793956577778 0
      vertex 30.49818381637335 -10.100227393209934 0
    endloop
  endfacet
  facet normal 0 0 -1
    outer loop
      vertex 26.35208690881729 -12.688730388879776 0
      vertex 30.41386195242405 -9.676312752068043 0
      vertex 30.454498827159405 -9.838544256985188 0
    endloop
  endfacet
  facet normal 0 0 -1
    outer loop
      vertex 26.35208690881729 -12.688730388879776 0
      vertex 30.38537476927042 -9.58240307867527 0
      vertex 30.41386195242405 -9.676312752068043 0
    endloop
  endfacet
  facet normal 0 0 -1
    outer loop
      vertex 26.35208690881729 -12.688730388879776 0
      vertex 30.329032100439072 -9.42493586242199 0
      vertex 30.38537476927042 -9.58240307867527 0
    endloop
  endfacet
  facet normal 0 0 -1
    outer loop
      vertex 26.35208690881729 -12.688730388879776 0
      vertex 30.291477314829827 -9.33427058905363 0
      vertex 30.329032100439072 -9.42493586242199 0
    endloop
  endfacet
  facet normal 0 0 -1
    outer loop
      vertex 26.35208690881729 -12.688730388879776 0
      vertex 30.219971462786198 -9.183084174990654 0
      vertex 30.291477314829827 -9.33427058905363 0
    endloop
  endfacet
  facet normal 0 0 -1
    outer loop
      vertex 26.136159047186375 -12.534582421183586 0
      vertex 30.173710792958737 -9.096536554396152 0
      vertex 30.219971462786198 -9.183084174990654 0
    endloop
  endfacet
  facet normal 0 0 -1
    outer loop
      vertex 26.136159047186375 -12.534582421183586 0
      vertex 30.08773040741682 -8.953086942434311 0
      vertex 30.173710792958737 -9.096536554396152 0
    endloop
  endfacet
  facet normal 0 0 -1
    outer loop
      vertex 26.068432368040085 -12.479616805911064 0
      vertex 30.078137598633766 -8.937410809099674 0
      vertex 30.08773040741682 -8.953086942434311 0
    endloop
  endfacet
  facet normal 0 0 -1
    outer loop
      vertex 23.8863405880332 -10.544872969388962 0
      vertex 26.197135805785656 -2.724221132695675 0
      vertex 30.078137598633766 -8.937410809099674 0
    endloop
  endfacet
  facet normal -0.382683427949758 -0.923879534340177 0
    outer loop
      vertex 16.335000000596047 -13.26799999922514 0
      vertex 15.627893216609955 -12.975106783211231 1.8
      vertex 15.627893216609955 -12.975106783211231 0
    endloop
  endfacet
  facet normal 0 -1 0
    outer loop
      vertex 20.749000005126 -13.26799999922514 0
      vertex 16.335000000596047 -13.26799999922514 1.8
      vertex 16.335000000596047 -13.26799999922514 0
    endloop
  endfacet
  facet normal -0.7071067806139002 -0.707106781759195 -1.3273728521892345e-16
    outer loop
      vertex 15.627893216609955 -12.975106783211231 0
      vertex 11.027893215119839 -8.375106789171696 1.8
      vertex 11.027893215119839 -8.375106789171696 0
    endloop
  endfacet
  facet normal -0.923879534340177 -0.382683427949758 0
    outer loop
      vertex 11.027893215119839 -8.375106789171696 0
      vertex 10.73499999910593 -7.668000005185604 1.8
      vertex 10.73499999910593 -7.668000005185604 0
    endloop
  endfacet
  facet normal 0.382683427949758 -0.923879534340177 0
    outer loop
      vertex 21.45610678911209 -12.975106783211231 0
      vertex 20.749000005126 -13.26799999922514 1.8
      vertex 20.749000005126 -13.26799999922514 0
    endloop
  endfacet
  facet normal 0.7071067833543867 -0.7071067790187082 -8.973144743014943e-18
    outer loop
      vertex 23.8863405880332 -10.544872969388962 0
      vertex 21.45610678911209 -12.975106783211231 1.8
      vertex 21.45610678911209 -12.975106783211231 0
    endloop
  endfacet
  facet normal -0.6634259961742808 -0.7482419044668396 6.34494691393351e-17
    outer loop
      vertex 26.068432368040085 -12.479616805911064 0
      vertex 23.8863405880332 -10.544872969388962 1.8
      vertex 23.8863405880332 -10.544872969388962 0
    endloop
  endfacet
  facet normal -0.382683443953035 -0.9238795277114026 0
    outer loop
      vertex 26.82393581390381 -12.930032074451447 0
      vertex 26.73327065229416 -12.892477333545685 1.8
      vertex 26.73327065229416 -12.892477333545685 0
    endloop
  endfacet
  facet normal -0.336889896078057 -0.941544049909783 0
    outer loop
      vertex 26.98140302270651 -12.986374750733376 0
      vertex 26.82393581390381 -12.930032074451447 1.8
      vertex 26.82393581390381 -12.930032074451447 0
    endloop
  endfacet
  facet normal -0.5555702507806306 -0.8314696004350052 0
    outer loop
      vertex 26.35208690881729 -12.688730388879776 0
      vertex 26.27049035549164 -12.63420931249857 1.8
      vertex 26.27049035549164 -12.63420931249857 0
    endloop
  endfacet
  facet normal -0.5956993165623518 -0.8032075225289831 0
    outer loop
      vertex 26.27049035549164 -12.63420931249857 0
      vertex 26.136159047186375 -12.534582421183586 1.8
      vertex 26.136159047186375 -12.534582421183586 0
    endloop
  endfacet
  facet normal -0.630162218858316 -0.7764635071421991 0
    outer loop
      vertex 26.136159047186375 -12.534582421183586 0
      vertex 26.068432368040085 -12.479616805911064 1.8
      vertex 26.068432368040085 -12.479616805911064 0
    endloop
  endfacet
  facet normal -0.4713966757474304 -0.8819212969955267 0
    outer loop
      vertex 26.582084230780602 -12.820971488952637 0
      vertex 26.495536520779133 -12.774710781872272 1.8
      vertex 26.495536520779133 -12.774710781872272 0
    endloop
  endfacet
  facet normal -0.42755505738956584 -0.9039893101694317 0
    outer loop
      vertex 26.73327065229416 -12.892477333545685 0
      vertex 26.582084230780602 -12.820971488952637 1.8
      vertex 26.582084230780602 -12.820971488952637 0
    endloop
  endfacet
  facet normal -0.514102763711183 -0.8577285983016559 0
    outer loop
      vertex 26.495536520779133 -12.774710781872272 0
      vertex 26.35208690881729 -12.688730388879776 1.8
      vertex 26.35208690881729 -12.688730388879776 0
    endloop
  endfacet
  facet normal -0.14673047652309334 -0.989176509658062 0
    outer loop
      vertex 27.499227381944657 -13.099183820188046 0
      vertex 27.33379395276308 -13.074644088745117 1.8
      vertex 27.33379395276308 -13.074644088745117 0
    endloop
  endfacet
  facet normal -0.09801714051489621 -0.9951847266539429 0
    outer loop
      vertex 27.59689017355442 -13.108802765607834 0
      vertex 27.499227381944657 -13.099183820188046 1.8
      vertex 27.499227381944657 -13.099183820188046 0
    endloop
  endfacet
  facet normal -0.24298015939615084 -0.9700312583313081 0
    outer loop
      vertex 27.23754426807165 -13.055498838424683 0
      vertex 27.075312755703926 -13.014861963689327 1.8
      vertex 27.075312755703926 -13.014861963689327 0
    endloop
  endfacet
  facet normal -0.2902847415729003 -0.9569403162214217 0
    outer loop
      vertex 27.075312755703926 -13.014861963689327 0
      vertex 26.98140302270651 -12.986374750733376 1.8
      vertex 26.98140302270651 -12.986374750733376 0
    endloop
  endfacet
  facet normal -0.1950902992644615 -0.9807852849288181 0
    outer loop
      vertex 27.33379395276308 -13.074644088745117 0
      vertex 27.23754426807165 -13.055498838424683 1.8
      vertex 27.23754426807165 -13.055498838424683 0
    endloop
  endfacet
  facet normal -0.04906768290526446 -0.9987954557837697 0
    outer loop
      vertex 27.763932317197323 -13.1170090213418 0
      vertex 27.59689017355442 -13.108802765607834 1.8
      vertex 27.59689017355442 -13.108802765607834 0
    endloop
  endfacet
  facet normal 0 -1 0
    outer loop
      vertex 27.86206768423319 -13.1170090213418 0
      vertex 27.763932317197323 -13.1170090213418 1.8
      vertex 27.763932317197323 -13.1170090213418 0
    endloop
  endfacet
  facet normal 0.0490676850885611 -0.9987954556765113 0
    outer loop
      vertex 28.02910982042551 -13.108802765607834 0
      vertex 27.86206768423319 -13.1170090213418 1.8
      vertex 27.86206768423319 -13.1170090213418 0
    endloop
  endfacet
  facet normal 0.09801714792067012 -0.9951847259245379 0
    outer loop
      vertex 28.126772604584694 -13.099183820188046 0
      vertex 28.02910982042551 -13.108802765607834 1.8
      vertex 28.02910982042551 -13.108802765607834 0
    endloop
  endfacet
  facet normal 0.1467304700571076 -0.9891765106172004 0
    outer loop
      vertex 28.29220604121685 -13.074644088745117 0
      vertex 28.126772604584694 -13.099183820188046 1.8
      vertex 28.126772604584694 -13.099183820188046 0
    endloop
  endfacet
  facet normal 0.19509028473751533 -0.9807852878184069 0
    outer loop
      vertex 28.38845573335886 -13.055498838424683 0
      vertex 28.29220604121685 -13.074644088745117 1.8
      vertex 28.29220604121685 -13.074644088745117 0
    endloop
  endfacet
  facet normal 0.24298015939615084 -0.9700312583313081 0
    outer loop
      vertex 28.550687245726586 -13.014861963689327 0
      vertex 28.38845573335886 -13.055498838424683 1.8
      vertex 28.38845573335886 -13.055498838424683 0
    endloop
  endfacet
  facet normal 0.2902847415729003 -0.9569403162214217 0
    outer loop
      vertex 28.644596978724003 -12.986374750733376 0
      vertex 28.550687245726586 -13.014861963689327 1.8
      vertex 28.550687245726586 -13.014861963689327 0
    endloop
  endfacet
  facet normal 0.336889896078057 -0.941544049909783 0
    outer loop
      vertex 28.802064187526703 -12.930032074451447 0
      vertex 28.644596978724003 -12.986374750733376 1.8
      vertex 28.644596978724003 -12.986374750733376 0
    endloop
  endfacet
  facet normal 0.3826834282291699 -0.9238795342244409 0
    outer loop
      vertex 28.892729371488095 -12.892477326095104 0
      vertex 28.802064187526703 -12.930032074451447 1.8
      vertex 28.802064187526703 -12.930032074451447 0
    endloop
  endfacet
  facet normal 0.4275550746080923 -0.9039893020256758 0
    outer loop
      vertex 29.04391578555107 -12.820971481502056 0
      vertex 28.892729371488095 -12.892477326095104 1.8
      vertex 28.892729371488095 -12.892477326095104 0
    endloop
  endfacet
  facet normal 0.47139674702540346 -0.881921258896659 0
    outer loop
      vertex 29.130463450849057 -12.774710789322853 0
      vertex 29.04391578555107 -12.820971481502056 1.8
      vertex 29.04391578555107 -12.820971481502056 0
    endloop
  endfacet
  facet normal 0.5141027440667073 -0.8577286100761021 0
    outer loop
      vertex 29.27391307026148 -12.688730396330357 0
      vertex 29.130463450849057 -12.774710789322853 1.8
      vertex 29.130463450849057 -12.774710789322853 0
    endloop
  endfacet
  facet normal 0.5555701980548708 -0.8314696356652307 0
    outer loop
      vertex 29.355509645938874 -12.63420931249857 0
      vertex 29.27391307026148 -12.688730396330357 1.8
      vertex 29.27391307026148 -12.688730396330357 0
    endloop
  endfacet
  facet normal 0.5956993165623518 -0.8032075225289831 0
    outer loop
      vertex 29.489840954244137 -12.534582421183586 0
      vertex 29.355509645938874 -12.63420931249857 1.8
      vertex 29.355509645938874 -12.63420931249857 0
    endloop
  endfacet
  facet normal 0.6343932927828078 -0.7730104462891731 0
    outer loop
      vertex 29.56570059031248 -12.472326025366783 0
      vertex 29.489840954244137 -12.534582421183586 1.8
      vertex 29.489840954244137 -12.534582421183586 0
    endloop
  endfacet
  facet normal 0.6715589523891832 -0.7409511275826113 0
    outer loop
      vertex 29.6896199208498 -12.360012091696262 0
      vertex 29.56570059031248 -12.472326025366783 1.8
      vertex 29.56570059031248 -12.472326025366783 0
    endloop
  endfacet
  facet normal 0.7071067811865475 -0.7071067811865475 0
    outer loop
      vertex 29.759012072980404 -12.290619939565659 0
      vertex 29.6896199208498 -12.360012091696262 1.8
      vertex 29.6896199208498 -12.360012091696262 0
    endloop
  endfacet
  facet normal 0.7409511074912699 -0.6715589745565614 0
    outer loop
      vertex 29.871326006650925 -12.16670061647892 0
      vertex 29.759012072980404 -12.290619939565659 1.8
      vertex 29.759012072980404 -12.290619939565659 0
    endloop
  endfacet
  facet normal 0.7730104434623055 -0.634393296227356 0
    outer loop
      vertex 29.93358243972063 -12.090840935707092 0
      vertex 29.871326006650925 -12.16670061647892 1.8
      vertex 29.871326006650925 -12.16670061647892 0
    endloop
  endfacet
  facet normal 0.8032075383376345 -0.5956992952468532 0
    outer loop
      vertex 30.033209331035614 -11.956509619951248 0
      vertex 29.93358243972063 -12.090840935707092 1.8
      vertex 29.93358243972063 -12.090840935707092 0
    endloop
  endfacet
  facet normal 0.8314696238687989 -0.55557021570948 0
    outer loop
      vertex 30.08773040741682 -11.874913059175014 0
      vertex 30.033209331035614 -11.956509619951248 1.8
      vertex 30.033209331035614 -11.956509619951248 0
    endloop
  endfacet
  facet normal 0.8577286179461323 -0.5141027309363547 0
    outer loop
      vertex 30.173710792958737 -11.731463447213173 0
      vertex 30.08773040741682 -11.874913059175014 1.8
      vertex 30.08773040741682 -11.874913059175014 0
    endloop
  endfacet
  facet normal 0.8819212523609624 -0.47139675925283125 0
    outer loop
      vertex 30.219971462786198 -11.644915826618671 0
      vertex 30.173710792958737 -11.731463447213173 1.8
      vertex 30.173710792958737 -11.731463447213173 0
    endloop
  endfacet
  facet normal 0.9039892848071485 -0.4275551110136101 0
    outer loop
      vertex 30.291477314829827 -11.493729412555695 0
      vertex 30.219971462786198 -11.644915826618671 1.8
      vertex 30.219971462786198 -11.644915826618671 0
    endloop
  endfacet
  facet normal 0.9238795334342761 -0.38268343013679645 0
    outer loop
      vertex 30.329032100439072 -11.403064139187336 0
      vertex 30.291477314829827 -11.493729412555695 1.8
      vertex 30.291477314829827 -11.493729412555695 0
    endloop
  endfacet
  facet normal 0.9415440690967737 -0.33688984245401327 0
    outer loop
      vertex 30.38537476927042 -11.245596922934055 0
      vertex 30.329032100439072 -11.403064139187336 1.8
      vertex 30.329032100439072 -11.403064139187336 0
    endloop
  endfacet
  facet normal 0.9569403347082142 -0.29028468063012014 0
    outer loop
      vertex 30.41386195987463 -11.151687242090702 0
      vertex 30.38537476927042 -11.245596922934055 1.8
      vertex 30.38537476927042 -11.245596922934055 0
    endloop
  endfacet
  facet normal 0.9700312583313081 -0.24298015939615084 0
    outer loop
      vertex 30.454498834609986 -10.989455729722977 0
      vertex 30.41386195987463 -11.151687242090702 1.8
      vertex 30.41386195987463 -11.151687242090702 0
    endloop
  endfacet
  facet normal 0.9807852849288181 -0.1950902992644615 0
    outer loop
      vertex 30.47364408493042 -10.893206045031548 0
      vertex 30.454498834609986 -10.989455729722977 1.8
      vertex 30.454498834609986 -10.989455729722977 0
    endloop
  endfacet
  facet normal 0.989176509658062 -0.14673047652309334 0
    outer loop
      vertex 30.49818381637335 -10.727772615849972 0
      vertex 30.47364408493042 -10.893206045031548 1.8
      vertex 30.47364408493042 -10.893206045031548 0
    endloop
  endfacet
  facet normal 0.9951847266539429 -0.09801714051489621 0
    outer loop
      vertex 30.507802761793137 -10.630109824240208 0
      vertex 30.49818381637335 -10.727772615849972 1.8
      vertex 30.49818381637335 -10.727772615849972 0
    endloop
  endfacet
  facet normal 0.9987954557837697 -0.04906768290526446 0
    outer loop
      vertex 30.516009017527104 -10.463067680597305 0
      vertex 30.507802761793137 -10.630109824240208 1.8
      vertex 30.507802761793137 -10.630109824240208 0
    endloop
  endfacet
  facet normal 1 0 0
    outer loop
      vertex 30.516009017527104 -10.36493231356144 0
      vertex 30.516009017527104 -10.463067680597305 1.8
      vertex 30.516009017527104 -10.463067680597305 0
    endloop
  endfacet
  facet normal 0.9987954556765113 0.0490676850885611 0
    outer loop
      vertex 30.507802761793137 -10.197890177369118 0
      vertex 30.516009017527104 -10.36493231356144 1.8
      vertex 30.516009017527104 -10.36493231356144 0
    endloop
  endfacet
  facet normal 0.9951847259245379 0.09801714792067012 0
    outer loop
      vertex 30.49818381637335 -10.100227393209934 0
      vertex 30.507802761793137 -10.197890177369118 1.8
      vertex 30.507802761793137 -10.197890177369118 0
    endloop
  endfacet
  facet normal 0.9891765106172004 0.1467304700571076 0
    outer loop
      vertex 30.47364408493042 -9.934793956577778 0
      vertex 30.49818381637335 -10.100227393209934 1.8
      vertex 30.49818381637335 -10.100227393209934 0
    endloop
  endfacet
  facet normal 0.9807852761810495 0.195090343242464 0
    outer loop
      vertex 30.454498827159405 -9.838544256985188 0
      vertex 30.47364408493042 -9.934793956577778 1.8
      vertex 30.47364408493042 -9.934793956577778 0
    endloop
  endfacet
  facet normal 0.9700312557011476 0.24298016989634164 0
    outer loop
      vertex 30.41386195242405 -9.676312752068043 0
      vertex 30.454498827159405 -9.838544256985188 1.8
      vertex 30.454498827159405 -9.838544256985188 0
    endloop
  endfacet
  facet normal 0.9569403494005316 0.29028463219603684 0
    outer loop
      vertex 30.38537476927042 -9.58240307867527 0
      vertex 30.41386195242405 -9.676312752068043 1.8
      vertex 30.41386195242405 -9.676312752068043 0
    endloop
  endfacet
  facet normal 0.9415440690967737 0.33688984245401327 0
    outer loop
      vertex 30.329032100439072 -9.42493586242199 0
      vertex 30.38537476927042 -9.58240307867527 1.8
      vertex 30.38537476927042 -9.58240307867527 0
    endloop
  endfacet
  facet normal 0.9238795334342761 0.38268343013679645 0
    outer loop
      vertex 30.291477314829827 -9.33427058905363 0
      vertex 30.329032100439072 -9.42493586242199 1.8
      vertex 30.329032100439072 -9.42493586242199 0
    endloop
  endfacet
  facet normal 0.9039892848071485 0.4275551110136101 0
    outer loop
      vertex 30.219971462786198 -9.183084174990654 0
      vertex 30.291477314829827 -9.33427058905363 1.8
      vertex 30.291477314829827 -9.33427058905363 0
    endloop
  endfacet
  facet normal 0.8577286179461323 0.5141027309363547 0
    outer loop
      vertex 30.08773040741682 -8.953086942434311 0
      vertex 30.173710792958737 -9.096536554396152 1.8
      vertex 30.173710792958737 -9.096536554396152 0
    endloop
  endfacet
  facet normal 0.8529681684003693 0.5219629332584061 0
    outer loop
      vertex 30.078137598633766 -8.937410809099674 0
      vertex 30.08773040741682 -8.953086942434311 1.8
      vertex 30.08773040741682 -8.953086942434311 0
    endloop
  endfacet
  facet normal 0.8819212523609624 0.47139675925283125 0
    outer loop
      vertex 30.173710792958737 -9.096536554396152 0
      vertex 30.219971462786198 -9.183084174990654 1.8
      vertex 30.219971462786198 -9.183084174990654 0
    endloop
  endfacet
  facet normal 0.8481358090819003 0.5297788683526272 7.577588584071618e-17
    outer loop
      vertex 26.197135805785656 -2.724221132695675 0
      vertex 30.078137598633766 -8.937410809099674 1.8
      vertex 30.078137598633766 -8.937410809099674 0
    endloop
  endfacet
  facet normal 0 0 -1
    outer loop
      vertex 23.8863405880332 -10.544872969388962 0
      vertex 10.73499999910593 -3.254000000655651 0
      vertex 11.027893215119839 -2.5468932166695595 0
    endloop
  endfacet
  facet normal 0 0 -1
    outer loop
      vertex 23.8863405880332 -10.544872969388962 0
      vertex 11.027893215119839 -2.5468932166695595 0
      vertex 13.320786431133747 -0.2539999932050705 0
    endloop
  endfacet
  facet normal 0 0 -1
    outer loop
      vertex 23.8863405880332 -10.544872969388962 0
      vertex 13.320786431133747 -0.2539999932050705 0
      vertex 23.76321356713772 -0.2540000006556511 0
    endloop
  endfacet
  facet normal 0 0 -1
    outer loop
      vertex 23.8863405880332 -10.544872969388962 0
      vertex 26.056106783151627 -2.5468932166695595 0
      vertex 26.197135805785656 -2.724221132695675 0
    endloop
  endfacet
  facet normal 0 0 -1
    outer loop
      vertex 23.8863405880332 -10.544872969388962 0
      vertex 23.76321356713772 -0.2540000006556511 0
      vertex 26.056106783151627 -2.5468932166695595 0
    endloop
  endfacet
  facet normal -1 0 0
    outer loop
      vertex 10.73499999910593 -7.668000005185604 0
      vertex 10.73499999910593 -3.254000000655651 1.8
      vertex 10.73499999910593 -3.254000000655651 0
    endloop
  endfacet
  facet normal -0.923879534340177 0.382683427949758 0
    outer loop
      vertex 10.73499999910593 -3.254000000655651 0
      vertex 11.027893215119839 -2.5468932166695595 1.8
      vertex 11.027893215119839 -2.5468932166695595 0
    endloop
  endfacet
  facet normal -0.7071067823353923 0.7071067800377029 -5.706372939535763e-17
    outer loop
      vertex 11.027893215119839 -2.5468932166695595 0
      vertex 13.320786431133747 -0.2539999932050705 1.8
      vertex 13.320786431133747 -0.2539999932050705 0
    endloop
  endfacet
  facet normal 0.7071067811865476 0.7071067811865476 -3.8042486325379826e-17
    outer loop
      vertex 23.76321356713772 -0.2540000006556511 0
      vertex 26.056106783151627 -2.5468932166695595 1.8
      vertex 26.056106783151627 -2.5468932166695595 0
    endloop
  endfacet
  facet normal 0.7826596974844854 0.6224498356763328 0
    outer loop
      vertex 26.056106783151627 -2.5468932166695595 0
      vertex 26.197135805785656 -2.724221132695675 1.8
      vertex 26.197135805785656 -2.724221132695675 0
    endloop
  endfacet
  facet normal -0.7071067806139002 -0.707106781759195 0
    outer loop
      vertex 15.627893216609955 -12.975106783211231 0
      vertex 15.627893216609955 -12.975106783211231 1.8
      vertex 11.027893215119839 -8.375106789171696 1.8
    endloop
  endfacet
  facet normal -0.382683427949758 -0.923879534340177 0
    outer loop
      vertex 16.335000000596047 -13.26799999922514 0
      vertex 16.335000000596047 -13.26799999922514 1.8
      vertex 15.627893216609955 -12.975106783211231 1.8
    endloop
  endfacet
  facet normal 0 -1 0
    outer loop
      vertex 20.749000005126 -13.26799999922514 0
      vertex 20.749000005126 -13.26799999922514 1.8
      vertex 16.335000000596047 -13.26799999922514 1.8
    endloop
  endfacet
  facet normal -0.923879534340177 -0.382683427949758 0
    outer loop
      vertex 11.027893215119839 -8.375106789171696 0
      vertex 11.027893215119839 -8.375106789171696 1.8
      vertex 10.73499999910593 -7.668000005185604 1.8
    endloop
  endfacet
  facet normal 0.382683427949758 -0.923879534340177 0
    outer loop
      vertex 21.45610678911209 -12.975106783211231 0
      vertex 21.45610678911209 -12.975106783211231 1.8
      vertex 20.749000005126 -13.26799999922514 1.8
    endloop
  endfacet
  facet normal -0.6634259961742808 -0.7482419044668396 0
    outer loop
      vertex 26.068432368040085 -12.479616805911064 0
      vertex 26.068432368040085 -12.479616805911064 1.8
      vertex 23.8863405880332 -10.544872969388962 1.8
    endloop
  endfacet
  facet normal 0.7071067833543867 -0.7071067790187082 0
    outer loop
      vertex 23.8863405880332 -10.544872969388962 0
      vertex 23.8863405880332 -10.544872969388962 1.8
      vertex 21.45610678911209 -12.975106783211231 1.8
    endloop
  endfacet
  facet normal -0.42755505738956584 -0.9039893101694317 0
    outer loop
      vertex 26.73327065229416 -12.892477333545685 0
      vertex 26.73327065229416 -12.892477333545685 1.8
      vertex 26.582084230780602 -12.820971488952637 1.8
    endloop
  endfacet
  facet normal -0.336889896078057 -0.941544049909783 0
    outer loop
      vertex 26.98140302270651 -12.986374750733376 0
      vertex 26.98140302270651 -12.986374750733376 1.8
      vertex 26.82393581390381 -12.930032074451447 1.8
    endloop
  endfacet
  facet normal -0.382683443953035 -0.9238795277114026 0
    outer loop
      vertex 26.82393581390381 -12.930032074451447 0
      vertex 26.82393581390381 -12.930032074451447 1.8
      vertex 26.73327065229416 -12.892477333545685 1.8
    endloop
  endfacet
  facet normal -0.5555702507806306 -0.8314696004350052 0
    outer loop
      vertex 26.35208690881729 -12.688730388879776 0
      vertex 26.35208690881729 -12.688730388879776 1.8
      vertex 26.27049035549164 -12.63420931249857 1.8
    endloop
  endfacet
  facet normal -0.5956993165623518 -0.8032075225289831 0
    outer loop
      vertex 26.27049035549164 -12.63420931249857 0
      vertex 26.27049035549164 -12.63420931249857 1.8
      vertex 26.136159047186375 -12.534582421183586 1.8
    endloop
  endfacet
  facet normal -0.630162218858316 -0.7764635071421991 0
    outer loop
      vertex 26.136159047186375 -12.534582421183586 0
      vertex 26.136159047186375 -12.534582421183586 1.8
      vertex 26.068432368040085 -12.479616805911064 1.8
    endloop
  endfacet
  facet normal -0.4713966757474304 -0.8819212969955267 0
    outer loop
      vertex 26.582084230780602 -12.820971488952637 0
      vertex 26.582084230780602 -12.820971488952637 1.8
      vertex 26.495536520779133 -12.774710781872272 1.8
    endloop
  endfacet
  facet normal -0.514102763711183 -0.8577285983016559 0
    outer loop
      vertex 26.495536520779133 -12.774710781872272 0
      vertex 26.495536520779133 -12.774710781872272 1.8
      vertex 26.35208690881729 -12.688730388879776 1.8
    endloop
  endfacet
  facet normal -0.1950902992644615 -0.9807852849288181 0
    outer loop
      vertex 27.33379395276308 -13.074644088745117 0
      vertex 27.33379395276308 -13.074644088745117 1.8
      vertex 27.23754426807165 -13.055498838424683 1.8
    endloop
  endfacet
  facet normal -0.14673047652309334 -0.989176509658062 0
    outer loop
      vertex 27.499227381944657 -13.099183820188046 0
      vertex 27.499227381944657 -13.099183820188046 1.8
      vertex 27.33379395276308 -13.074644088745117 1.8
    endloop
  endfacet
  facet normal -0.09801714051489621 -0.9951847266539429 0
    outer loop
      vertex 27.59689017355442 -13.108802765607834 0
      vertex 27.59689017355442 -13.108802765607834 1.8
      vertex 27.499227381944657 -13.099183820188046 1.8
    endloop
  endfacet
  facet normal -0.2902847415729003 -0.9569403162214217 0
    outer loop
      vertex 27.075312755703926 -13.014861963689327 0
      vertex 27.075312755703926 -13.014861963689327 1.8
      vertex 26.98140302270651 -12.986374750733376 1.8
    endloop
  endfacet
  facet normal -0.24298015939615084 -0.9700312583313081 0
    outer loop
      vertex 27.23754426807165 -13.055498838424683 0
      vertex 27.23754426807165 -13.055498838424683 1.8
      vertex 27.075312755703926 -13.014861963689327 1.8
    endloop
  endfacet
  facet normal -0.04906768290526446 -0.9987954557837697 0
    outer loop
      vertex 27.763932317197323 -13.1170090213418 0
      vertex 27.763932317197323 -13.1170090213418 1.8
      vertex 27.59689017355442 -13.108802765607834 1.8
    endloop
  endfacet
  facet normal 0 -1 0
    outer loop
      vertex 27.86206768423319 -13.1170090213418 0
      vertex 27.86206768423319 -13.1170090213418 1.8
      vertex 27.763932317197323 -13.1170090213418 1.8
    endloop
  endfacet
  facet normal 0.0490676850885611 -0.9987954556765113 0
    outer loop
      vertex 28.02910982042551 -13.108802765607834 0
      vertex 28.02910982042551 -13.108802765607834 1.8
      vertex 27.86206768423319 -13.1170090213418 1.8
    endloop
  endfacet
  facet normal 0.09801714792067012 -0.9951847259245379 0
    outer loop
      vertex 28.126772604584694 -13.099183820188046 0
      vertex 28.126772604584694 -13.099183820188046 1.8
      vertex 28.02910982042551 -13.108802765607834 1.8
    endloop
  endfacet
  facet normal 0.1467304700571076 -0.9891765106172004 0
    outer loop
      vertex 28.29220604121685 -13.074644088745117 0
      vertex 28.29220604121685 -13.074644088745117 1.8
      vertex 28.126772604584694 -13.099183820188046 1.8
    endloop
  endfacet
  facet normal 0.19509028473751533 -0.9807852878184069 0
    outer loop
      vertex 28.38845573335886 -13.055498838424683 0
      vertex 28.38845573335886 -13.055498838424683 1.8
      vertex 28.29220604121685 -13.074644088745117 1.8
    endloop
  endfacet
  facet normal 0.24298015939615084 -0.9700312583313081 0
    outer loop
      vertex 28.550687245726586 -13.014861963689327 0
      vertex 28.550687245726586 -13.014861963689327 1.8
      vertex 28.38845573335886 -13.055498838424683 1.8
    endloop
  endfacet
  facet normal 0.2902847415729003 -0.9569403162214217 0
    outer loop
      vertex 28.644596978724003 -12.986374750733376 0
      vertex 28.644596978724003 -12.986374750733376 1.8
      vertex 28.550687245726586 -13.014861963689327 1.8
    endloop
  endfacet
  facet normal 0.336889896078057 -0.941544049909783 0
    outer loop
      vertex 28.802064187526703 -12.930032074451447 0
      vertex 28.802064187526703 -12.930032074451447 1.8
      vertex 28.644596978724003 -12.986374750733376 1.8
    endloop
  endfacet
  facet normal 0.3826834282291699 -0.9238795342244409 0
    outer loop
      vertex 28.892729371488095 -12.892477326095104 0
      vertex 28.892729371488095 -12.892477326095104 1.8
      vertex 28.802064187526703 -12.930032074451447 1.8
    endloop
  endfacet
  facet normal 0.4275550746080923 -0.9039893020256758 0
    outer loop
      vertex 29.04391578555107 -12.820971481502056 0
      vertex 29.04391578555107 -12.820971481502056 1.8
      vertex 28.892729371488095 -12.892477326095104 1.8
    endloop
  endfacet
  facet normal 0.47139674702540346 -0.881921258896659 0
    outer loop
      vertex 29.130463450849057 -12.774710789322853 0
      vertex 29.130463450849057 -12.774710789322853 1.8
      vertex 29.04391578555107 -12.820971481502056 1.8
    endloop
  endfacet
  facet normal 0.5141027440667073 -0.8577286100761021 0
    outer loop
      vertex 29.27391307026148 -12.688730396330357 0
      vertex 29.27391307026148 -12.688730396330357 1.8
      vertex 29.130463450849057 -12.774710789322853 1.8
    endloop
  endfacet
  facet normal 0.5555701980548708 -0.8314696356652307 0
    outer loop
      vertex 29.355509645938874 -12.63420931249857 0
      vertex 29.355509645938874 -12.63420931249857 1.8
      vertex 29.27391307026148 -12.688730396330357 1.8
    endloop
  endfacet
  facet normal 0.5956993165623518 -0.8032075225289831 0
    outer loop
      vertex 29.489840954244137 -12.534582421183586 0
      vertex 29.489840954244137 -12.534582421183586 1.8
      vertex 29.355509645938874 -12.63420931249857 1.8
    endloop
  endfacet
  facet normal 0.6343932927828078 -0.7730104462891731 0
    outer loop
      vertex 29.56570059031248 -12.472326025366783 0
      vertex 29.56570059031248 -12.472326025366783 1.8
      vertex 29.489840954244137 -12.534582421183586 1.8
    endloop
  endfacet
  facet normal 0.6715589523891832 -0.7409511275826113 0
    outer loop
      vertex 29.6896199208498 -12.360012091696262 0
      vertex 29.6896199208498 -12.360012091696262 1.8
      vertex 29.56570059031248 -12.472326025366783 1.8
    endloop
  endfacet
  facet normal 0.7071067811865475 -0.7071067811865475 0
    outer loop
      vertex 29.759012072980404 -12.290619939565659 0
      vertex 29.759012072980404 -12.290619939565659 1.8
      vertex 29.6896199208498 -12.360012091696262 1.8
    endloop
  endfacet
  facet normal 0.7409511074912699 -0.6715589745565614 0
    outer loop
      vertex 29.871326006650925 -12.16670061647892 0
      vertex 29.871326006650925 -12.16670061647892 1.8
      vertex 29.759012072980404 -12.290619939565659 1.8
    endloop
  endfacet
  facet normal 0.7730104434623055 -0.634393296227356 0
    outer loop
      vertex 29.93358243972063 -12.090840935707092 0
      vertex 29.93358243972063 -12.090840935707092 1.8
      vertex 29.871326006650925 -12.16670061647892 1.8
    endloop
  endfacet
  facet normal 0.8032075383376345 -0.5956992952468532 0
    outer loop
      vertex 30.033209331035614 -11.956509619951248 0
      vertex 30.033209331035614 -11.956509619951248 1.8
      vertex 29.93358243972063 -12.090840935707092 1.8
    endloop
  endfacet
  facet normal 0.8314696238687989 -0.55557021570948 0
    outer loop
      vertex 30.08773040741682 -11.874913059175014 0
      vertex 30.08773040741682 -11.874913059175014 1.8
      vertex 30.033209331035614 -11.956509619951248 1.8
    endloop
  endfacet
  facet normal 0.8577286179461323 -0.5141027309363547 0
    outer loop
      vertex 30.173710792958737 -11.731463447213173 0
      vertex 30.173710792958737 -11.731463447213173 1.8
      vertex 30.08773040741682 -11.874913059175014 1.8
    endloop
  endfacet
  facet normal 0.8819212523609624 -0.47139675925283125 0
    outer loop
      vertex 30.219971462786198 -11.644915826618671 0
      vertex 30.219971462786198 -11.644915826618671 1.8
      vertex 30.173710792958737 -11.731463447213173 1.8
    endloop
  endfacet
  facet normal 0.9039892848071485 -0.4275551110136101 0
    outer loop
      vertex 30.291477314829827 -11.493729412555695 0
      vertex 30.291477314829827 -11.493729412555695 1.8
      vertex 30.219971462786198 -11.644915826618671 1.8
    endloop
  endfacet
  facet normal 0.9238795334342761 -0.38268343013679645 0
    outer loop
      vertex 30.329032100439072 -11.403064139187336 0
      vertex 30.329032100439072 -11.403064139187336 1.8
      vertex 30.291477314829827 -11.493729412555695 1.8
    endloop
  endfacet
  facet normal 0.9415440690967737 -0.33688984245401327 0
    outer loop
      vertex 30.38537476927042 -11.245596922934055 0
      vertex 30.38537476927042 -11.245596922934055 1.8
      vertex 30.329032100439072 -11.403064139187336 1.8
    endloop
  endfacet
  facet normal 0.9569403347082142 -0.29028468063012014 0
    outer loop
      vertex 30.41386195987463 -11.151687242090702 0
      vertex 30.41386195987463 -11.151687242090702 1.8
      vertex 30.38537476927042 -11.245596922934055 1.8
    endloop
  endfacet
  facet normal 0.9700312583313081 -0.24298015939615084 0
    outer loop
      vertex 30.454498834609986 -10.989455729722977 0
      vertex 30.454498834609986 -10.989455729722977 1.8
      vertex 30.41386195987463 -11.151687242090702 1.8
    endloop
  endfacet
  facet normal 0.9807852849288181 -0.1950902992644615 0
    outer loop
      vertex 30.47364408493042 -10.893206045031548 0
      vertex 30.47364408493042 -10.893206045031548 1.8
      vertex 30.454498834609986 -10.989455729722977 1.8
    endloop
  endfacet
  facet normal 0.989176509658062 -0.14673047652309334 0
    outer loop
      vertex 30.49818381637335 -10.727772615849972 0
      vertex 30.49818381637335 -10.727772615849972 1.8
      vertex 30.47364408493042 -10.893206045031548 1.8
    endloop
  endfacet
  facet normal 0.9951847266539429 -0.09801714051489621 0
    outer loop
      vertex 30.507802761793137 -10.630109824240208 0
      vertex 30.507802761793137 -10.630109824240208 1.8
      vertex 30.49818381637335 -10.727772615849972 1.8
    endloop
  endfacet
  facet normal 0.9987954557837697 -0.04906768290526446 0
    outer loop
      vertex 30.516009017527104 -10.463067680597305 0
      vertex 30.516009017527104 -10.463067680597305 1.8
      vertex 30.507802761793137 -10.630109824240208 1.8
    endloop
  endfacet
  facet normal 1 0 0
    outer loop
      vertex 30.516009017527104 -10.36493231356144 0
      vertex 30.516009017527104 -10.36493231356144 1.8
      vertex 30.516009017527104 -10.463067680597305 1.8
    endloop
  endfacet
  facet normal 0.9987954556765113 0.0490676850885611 0
    outer loop
      vertex 30.507802761793137 -10.197890177369118 0
      vertex 30.507802761793137 -10.197890177369118 1.8
      vertex 30.516009017527104 -10.36493231356144 1.8
    endloop
  endfacet
  facet normal 0.9951847259245379 0.09801714792067012 0
    outer loop
      vertex 30.49818381637335 -10.100227393209934 0
      vertex 30.49818381637335 -10.100227393209934 1.8
      vertex 30.507802761793137 -10.197890177369118 1.8
    endloop
  endfacet
  facet normal 0.9891765106172004 0.1467304700571076 0
    outer loop
      vertex 30.47364408493042 -9.934793956577778 0
      vertex 30.47364408493042 -9.934793956577778 1.8
      vertex 30.49818381637335 -10.100227393209934 1.8
    endloop
  endfacet
  facet normal 0.9807852761810495 0.195090343242464 0
    outer loop
      vertex 30.454498827159405 -9.838544256985188 0
      vertex 30.454498827159405 -9.838544256985188 1.8
      vertex 30.47364408493042 -9.934793956577778 1.8
    endloop
  endfacet
  facet normal 0.9700312557011476 0.24298016989634164 0
    outer loop
      vertex 30.41386195242405 -9.676312752068043 0
      vertex 30.41386195242405 -9.676312752068043 1.8
      vertex 30.454498827159405 -9.838544256985188 1.8
    endloop
  endfacet
  facet normal 0.9569403494005316 0.29028463219603684 0
    outer loop
      vertex 30.38537476927042 -9.58240307867527 0
      vertex 30.38537476927042 -9.58240307867527 1.8
      vertex 30.41386195242405 -9.676312752068043 1.8
    endloop
  endfacet
  facet normal 0.9415440690967737 0.33688984245401327 0
    outer loop
      vertex 30.329032100439072 -9.42493586242199 0
      vertex 30.329032100439072 -9.42493586242199 1.8
      vertex 30.38537476927042 -9.58240307867527 1.8
    endloop
  endfacet
  facet normal 0.9238795334342761 0.38268343013679645 0
    outer loop
      vertex 30.291477314829827 -9.33427058905363 0
      vertex 30.291477314829827 -9.33427058905363 1.8
      vertex 30.329032100439072 -9.42493586242199 1.8
    endloop
  endfacet
  facet normal 0.9039892848071485 0.4275551110136101 0
    outer loop
      vertex 30.219971462786198 -9.183084174990654 0
      vertex 30.219971462786198 -9.183084174990654 1.8
      vertex 30.291477314829827 -9.33427058905363 1.8
    endloop
  endfacet
  facet normal 0.8577286179461323 0.5141027309363547 0
    outer loop
      vertex 30.08773040741682 -8.953086942434311 0
      vertex 30.08773040741682 -8.953086942434311 1.8
      vertex 30.173710792958737 -9.096536554396152 1.8
    endloop
  endfacet
  facet normal 0.8529681684003693 0.5219629332584061 0
    outer loop
      vertex 30.078137598633766 -8.937410809099674 0
      vertex 30.078137598633766 -8.937410809099674 1.8
      vertex 30.08773040741682 -8.953086942434311 1.8
    endloop
  endfacet
  facet normal 0.8819212523609624 0.47139675925283125 0
    outer loop
      vertex 30.173710792958737 -9.096536554396152 0
      vertex 30.173710792958737 -9.096536554396152 1.8
      vertex 30.219971462786198 -9.183084174990654 1.8
    endloop
  endfacet
  facet normal 0 0 1
    outer loop
      vertex 15.627893216609955 -12.975106783211231 1.8
      vertex 16.335000000596047 -13.26799999922514 1.8
      vertex 23.8863405880332 -10.544872969388962 1.8
    endloop
  endfacet
  facet normal 0 0 1
    outer loop
      vertex 16.335000000596047 -13.26799999922514 1.8
      vertex 20.749000005126 -13.26799999922514 1.8
      vertex 23.8863405880332 -10.544872969388962 1.8
    endloop
  endfacet
  facet normal 0 0 1
    outer loop
      vertex 11.027893215119839 -8.375106789171696 1.8
      vertex 15.627893216609955 -12.975106783211231 1.8
      vertex 23.8863405880332 -10.544872969388962 1.8
    endloop
  endfacet
  facet normal 0 0 1
    outer loop
      vertex 10.73499999910593 -7.668000005185604 1.8
      vertex 11.027893215119839 -8.375106789171696 1.8
      vertex 23.8863405880332 -10.544872969388962 1.8
    endloop
  endfacet
  facet normal 0 0 1
    outer loop
      vertex 10.73499999910593 -3.254000000655651 1.8
      vertex 10.73499999910593 -7.668000005185604 1.8
      vertex 23.8863405880332 -10.544872969388962 1.8
    endloop
  endfacet
  facet normal 0 0 1
    outer loop
      vertex 20.749000005126 -13.26799999922514 1.8
      vertex 21.45610678911209 -12.975106783211231 1.8
      vertex 23.8863405880332 -10.544872969388962 1.8
    endloop
  endfacet
  facet normal 0 0 1
    outer loop
      vertex 30.516009017527104 -10.463067680597305 1.8
      vertex 26.98140302270651 -12.986374750733376 1.8
      vertex 27.075312755703926 -13.014861963689327 1.8
    endloop
  endfacet
  facet normal 0 0 1
    outer loop
      vertex 30.516009017527104 -10.463067680597305 1.8
      vertex 26.82393581390381 -12.930032074451447 1.8
      vertex 26.98140302270651 -12.986374750733376 1.8
    endloop
  endfacet
  facet normal 0 0 1
    outer loop
      vertex 30.47364408493042 -9.934793956577778 1.8
      vertex 26.582084230780602 -12.820971488952637 1.8
      vertex 26.73327065229416 -12.892477333545685 1.8
    endloop
  endfacet
  facet normal 0 0 1
    outer loop
      vertex 30.47364408493042 -9.934793956577778 1.8
      vertex 26.495536520779133 -12.774710781872272 1.8
      vertex 26.582084230780602 -12.820971488952637 1.8
    endloop
  endfacet
  facet normal 0 0 1
    outer loop
      vertex 30.47364408493042 -9.934793956577778 1.8
      vertex 26.73327065229416 -12.892477333545685 1.8
      vertex 26.82393581390381 -12.930032074451447 1.8
    endloop
  endfacet
  facet normal 0 0 1
    outer loop
      vertex 30.47364408493042 -9.934793956577778 1.8
      vertex 26.35208690881729 -12.688730388879776 1.8
      vertex 26.495536520779133 -12.774710781872272 1.8
    endloop
  endfacet
  facet normal 0 0 1
    outer loop
      vertex 30.173710792958737 -11.731463447213173 1.8
      vertex 28.126772604584694 -13.099183820188046 1.8
      vertex 28.29220604121685 -13.074644088745117 1.8
    endloop
  endfacet
  facet normal 0 0 1
    outer loop
      vertex 30.38537476927042 -11.245596922934055 1.8
      vertex 27.59689017355442 -13.108802765607834 1.8
      vertex 27.763932317197323 -13.1170090213418 1.8
    endloop
  endfacet
  facet normal 0 0 1
    outer loop
      vertex 30.38537476927042 -11.245596922934055 1.8
      vertex 27.763932317197323 -13.1170090213418 1.8
      vertex 27.86206768423319 -13.1170090213418 1.8
    endloop
  endfacet
  facet normal 0 0 1
    outer loop
      vertex 30.38537476927042 -11.245596922934055 1.8
      vertex 27.86206768423319 -13.1170090213418 1.8
      vertex 28.02910982042551 -13.108802765607834 1.8
    endloop
  endfacet
  facet normal 0 0 1
    outer loop
      vertex 30.38537476927042 -11.245596922934055 1.8
      vertex 28.02910982042551 -13.108802765607834 1.8
      vertex 28.126772604584694 -13.099183820188046 1.8
    endloop
  endfacet
  facet normal 0 0 1
    outer loop
      vertex 30.033209331035614 -11.956509619951248 1.8
      vertex 28.550687245726586 -13.014861963689327 1.8
      vertex 28.644596978724003 -12.986374750733376 1.8
    endloop
  endfacet
  facet normal 0 0 1
    outer loop
      vertex 29.759012072980404 -12.290619939565659 1.8
      vertex 28.892729371488095 -12.892477326095104 1.8
      vertex 29.04391578555107 -12.820971481502056 1.8
    endloop
  endfacet
  facet normal 0 0 1
    outer loop
      vertex 30.173710792958737 -11.731463447213173 1.8
      vertex 28.29220604121685 -13.074644088745117 1.8
      vertex 28.38845573335886 -13.055498838424683 1.8
    endloop
  endfacet
  facet normal 0 0 1
    outer loop
      vertex 30.08773040741682 -11.874913059175014 1.8
      vertex 28.38845573335886 -13.055498838424683 1.8
      vertex 28.550687245726586 -13.014861963689327 1.8
    endloop
  endfacet
  facet normal 0 0 1
    outer loop
      vertex 30.033209331035614 -11.956509619951248 1.8
      vertex 28.644596978724003 -12.986374750733376 1.8
      vertex 28.802064187526703 -12.930032074451447 1.8
    endloop
  endfacet
  facet normal 0 0 1
    outer loop
      vertex 29.93358243972063 -12.090840935707092 1.8
      vertex 28.802064187526703 -12.930032074451447 1.8
      vertex 28.892729371488095 -12.892477326095104 1.8
    endloop
  endfacet
  facet normal 0 0 1
    outer loop
      vertex 29.759012072980404 -12.290619939565659 1.8
      vertex 29.04391578555107 -12.820971481502056 1.8
      vertex 29.130463450849057 -12.774710789322853 1.8
    endloop
  endfacet
  facet normal 0 0 1
    outer loop
      vertex 29.56570059031248 -12.472326025366783 1.8
      vertex 29.130463450849057 -12.774710789322853 1.8
      vertex 29.27391307026148 -12.688730396330357 1.8
    endloop
  endfacet
  facet normal 0 0 1
    outer loop
      vertex 29.56570059031248 -12.472326025366783 1.8
      vertex 29.27391307026148 -12.688730396330357 1.8
      vertex 29.355509645938874 -12.63420931249857 1.8
    endloop
  endfacet
  facet normal 0 0 1
    outer loop
      vertex 29.56570059031248 -12.472326025366783 1.8
      vertex 29.6896199208498 -12.360012091696262 1.8
      vertex 29.130463450849057 -12.774710789322853 1.8
    endloop
  endfacet
  facet normal 0 0 1
    outer loop
      vertex 29.56570059031248 -12.472326025366783 1.8
      vertex 29.355509645938874 -12.63420931249857 1.8
      vertex 29.489840954244137 -12.534582421183586 1.8
    endloop
  endfacet
  facet normal 0 0 1
    outer loop
      vertex 29.759012072980404 -12.290619939565659 1.8
      vertex 29.871326006650925 -12.16670061647892 1.8
      vertex 28.892729371488095 -12.892477326095104 1.8
    endloop
  endfacet
  facet normal 0 0 1
    outer loop
      vertex 29.6896199208498 -12.360012091696262 1.8
      vertex 29.759012072980404 -12.290619939565659 1.8
      vertex 29.130463450849057 -12.774710789322853 1.8
    endloop
  endfacet
  facet normal 0 0 1
    outer loop
      vertex 30.454498834609986 -10.989455729722977 1.8
      vertex 27.499227381944657 -13.099183820188046 1.8
      vertex 27.59689017355442 -13.108802765607834 1.8
    endloop
  endfacet
  facet normal 0 0 1
    outer loop
      vertex 30.454498834609986 -10.989455729722977 1.8
      vertex 27.33379395276308 -13.074644088745117 1.8
      vertex 27.499227381944657 -13.099183820188046 1.8
    endloop
  endfacet
  facet normal 0 0 1
    outer loop
      vertex 30.516009017527104 -10.463067680597305 1.8
      vertex 27.23754426807165 -13.055498838424683 1.8
      vertex 27.33379395276308 -13.074644088745117 1.8
    endloop
  endfacet
  facet normal 0 0 1
    outer loop
      vertex 30.516009017527104 -10.463067680597305 1.8
      vertex 27.075312755703926 -13.014861963689327 1.8
      vertex 27.23754426807165 -13.055498838424683 1.8
    endloop
  endfacet
  facet normal 0 0 1
    outer loop
      vertex 30.173710792958737 -11.731463447213173 1.8
      vertex 30.219971462786198 -11.644915826618671 1.8
      vertex 28.126772604584694 -13.099183820188046 1.8
    endloop
  endfacet
  facet normal 0 0 1
    outer loop
      vertex 30.38537476927042 -11.245596922934055 1.8
      vertex 30.41386195987463 -11.151687242090702 1.8
      vertex 27.59689017355442 -13.108802765607834 1.8
    endloop
  endfacet
  facet normal 0 0 1
    outer loop
      vertex 30.41386195987463 -11.151687242090702 1.8
      vertex 30.454498834609986 -10.989455729722977 1.8
      vertex 27.59689017355442 -13.108802765607834 1.8
    endloop
  endfacet
  facet normal 0 0 1
    outer loop
      vertex 30.454498834609986 -10.989455729722977 1.8
      vertex 30.47364408493042 -10.893206045031548 1.8
      vertex 27.33379395276308 -13.074644088745117 1.8
    endloop
  endfacet
  facet normal 0 0 1
    outer loop
      vertex 29.871326006650925 -12.16670061647892 1.8
      vertex 29.93358243972063 -12.090840935707092 1.8
      vertex 28.892729371488095 -12.892477326095104 1.8
    endloop
  endfacet
  facet normal 0 0 1
    outer loop
      vertex 29.93358243972063 -12.090840935707092 1.8
      vertex 30.033209331035614 -11.956509619951248 1.8
      vertex 28.802064187526703 -12.930032074451447 1.8
    endloop
  endfacet
  facet normal 0 0 1
    outer loop
      vertex 30.033209331035614 -11.956509619951248 1.8
      vertex 30.08773040741682 -11.874913059175014 1.8
      vertex 28.550687245726586 -13.014861963689327 1.8
    endloop
  endfacet
  facet normal 0 0 1
    outer loop
      vertex 30.08773040741682 -11.874913059175014 1.8
      vertex 30.173710792958737 -11.731463447213173 1.8
      vertex 28.38845573335886 -13.055498838424683 1.8
    endloop
  endfacet
  facet normal 0 0 1
    outer loop
      vertex 30.219971462786198 -11.644915826618671 1.8
      vertex 30.291477314829827 -11.493729412555695 1.8
      vertex 28.126772604584694 -13.099183820188046 1.8
    endloop
  endfacet
  facet normal 0 0 1
    outer loop
      vertex 30.291477314829827 -11.493729412555695 1.8
      vertex 30.329032100439072 -11.403064139187336 1.8
      vertex 28.126772604584694 -13.099183820188046 1.8
    endloop
  endfacet
  facet normal 0 0 1
    outer loop
      vertex 30.329032100439072 -11.403064139187336 1.8
      vertex 30.38537476927042 -11.245596922934055 1.8
      vertex 28.126772604584694 -13.099183820188046 1.8
    endloop
  endfacet
  facet normal 0 0 1
    outer loop
      vertex 30.219971462786198 -9.183084174990654 1.8
      vertex 26.27049035549164 -12.63420931249857 1.8
      vertex 26.35208690881729 -12.688730388879776 1.8
    endloop
  endfacet
  facet normal 0 0 1
    outer loop
      vertex 30.219971462786198 -9.183084174990654 1.8
      vertex 26.136159047186375 -12.534582421183586 1.8
      vertex 26.27049035549164 -12.63420931249857 1.8
    endloop
  endfacet
  facet normal 0 0 1
    outer loop
      vertex 30.08773040741682 -8.953086942434311 1.8
      vertex 26.068432368040085 -12.479616805911064 1.8
      vertex 26.136159047186375 -12.534582421183586 1.8
    endloop
  endfacet
  facet normal 0 0 1
    outer loop
      vertex 30.078137598633766 -8.937410809099674 1.8
      vertex 23.8863405880332 -10.544872969388962 1.8
      vertex 26.068432368040085 -12.479616805911064 1.8
    endloop
  endfacet
  facet normal 0 0 1
    outer loop
      vertex 30.47364408493042 -10.893206045031548 1.8
      vertex 30.49818381637335 -10.727772615849972 1.8
      vertex 27.33379395276308 -13.074644088745117 1.8
    endloop
  endfacet
  facet normal 0 0 1
    outer loop
      vertex 30.49818381637335 -10.727772615849972 1.8
      vertex 30.507802761793137 -10.630109824240208 1.8
      vertex 27.33379395276308 -13.074644088745117 1.8
    endloop
  endfacet
  facet normal 0 0 1
    outer loop
      vertex 30.507802761793137 -10.630109824240208 1.8
      vertex 30.516009017527104 -10.463067680597305 1.8
      vertex 27.33379395276308 -13.074644088745117 1.8
    endloop
  endfacet
  facet normal 0 0 1
    outer loop
      vertex 30.516009017527104 -10.463067680597305 1.8
      vertex 30.516009017527104 -10.36493231356144 1.8
      vertex 26.82393581390381 -12.930032074451447 1.8
    endloop
  endfacet
  facet normal 0 0 1
    outer loop
      vertex 30.516009017527104 -10.36493231356144 1.8
      vertex 30.507802761793137 -10.197890177369118 1.8
      vertex 26.82393581390381 -12.930032074451447 1.8
    endloop
  endfacet
  facet normal 0 0 1
    outer loop
      vertex 30.507802761793137 -10.197890177369118 1.8
      vertex 30.49818381637335 -10.100227393209934 1.8
      vertex 26.82393581390381 -12.930032074451447 1.8
    endloop
  endfacet
  facet normal 0 0 1
    outer loop
      vertex 30.47364408493042 -9.934793956577778 1.8
      vertex 30.454498827159405 -9.838544256985188 1.8
      vertex 26.35208690881729 -12.688730388879776 1.8
    endloop
  endfacet
  facet normal 0 0 1
    outer loop
      vertex 30.49818381637335 -10.100227393209934 1.8
      vertex 30.47364408493042 -9.934793956577778 1.8
      vertex 26.82393581390381 -12.930032074451447 1.8
    endloop
  endfacet
  facet normal 0 0 1
    outer loop
      vertex 30.454498827159405 -9.838544256985188 1.8
      vertex 30.41386195242405 -9.676312752068043 1.8
      vertex 26.35208690881729 -12.688730388879776 1.8
    endloop
  endfacet
  facet normal 0 0 1
    outer loop
      vertex 30.41386195242405 -9.676312752068043 1.8
      vertex 30.38537476927042 -9.58240307867527 1.8
      vertex 26.35208690881729 -12.688730388879776 1.8
    endloop
  endfacet
  facet normal 0 0 1
    outer loop
      vertex 30.38537476927042 -9.58240307867527 1.8
      vertex 30.329032100439072 -9.42493586242199 1.8
      vertex 26.35208690881729 -12.688730388879776 1.8
    endloop
  endfacet
  facet normal 0 0 1
    outer loop
      vertex 30.329032100439072 -9.42493586242199 1.8
      vertex 30.291477314829827 -9.33427058905363 1.8
      vertex 26.35208690881729 -12.688730388879776 1.8
    endloop
  endfacet
  facet normal 0 0 1
    outer loop
      vertex 30.291477314829827 -9.33427058905363 1.8
      vertex 30.219971462786198 -9.183084174990654 1.8
      vertex 26.35208690881729 -12.688730388879776 1.8
    endloop
  endfacet
  facet normal 0 0 1
    outer loop
      vertex 30.219971462786198 -9.183084174990654 1.8
      vertex 30.173710792958737 -9.096536554396152 1.8
      vertex 26.136159047186375 -12.534582421183586 1.8
    endloop
  endfacet
  facet normal 0 0 1
    outer loop
      vertex 30.173710792958737 -9.096536554396152 1.8
      vertex 30.08773040741682 -8.953086942434311 1.8
      vertex 26.136159047186375 -12.534582421183586 1.8
    endloop
  endfacet
  facet normal 0 0 1
    outer loop
      vertex 30.08773040741682 -8.953086942434311 1.8
      vertex 30.078137598633766 -8.937410809099674 1.8
      vertex 26.068432368040085 -12.479616805911064 1.8
    endloop
  endfacet
  facet normal 0 0 1
    outer loop
      vertex 30.078137598633766 -8.937410809099674 1.8
      vertex 26.197135805785656 -2.724221132695675 1.8
      vertex 23.8863405880332 -10.544872969388962 1.8
    endloop
  endfacet
  facet normal -1 0 0
    outer loop
      vertex 10.73499999910593 -7.668000005185604 0
      vertex 10.73499999910593 -7.668000005185604 1.8
      vertex 10.73499999910593 -3.254000000655651 1.8
    endloop
  endfacet
  facet normal -0.923879534340177 0.382683427949758 0
    outer loop
      vertex 10.73499999910593 -3.254000000655651 0
      vertex 10.73499999910593 -3.254000000655651 1.8
      vertex 11.027893215119839 -2.5468932166695595 1.8
    endloop
  endfacet
  facet normal -0.7071067823353923 0.7071067800377029 0
    outer loop
      vertex 11.027893215119839 -2.5468932166695595 0
      vertex 11.027893215119839 -2.5468932166695595 1.8
      vertex 13.320786431133747 -0.2539999932050705 1.8
    endloop
  endfacet
  facet normal 0.8481358090819003 0.5297788683526272 0
    outer loop
      vertex 26.197135805785656 -2.724221132695675 0
      vertex 26.197135805785656 -2.724221132695675 1.8
      vertex 30.078137598633766 -8.937410809099674 1.8
    endloop
  endfacet
  facet normal 0.7071067811865476 0.7071067811865476 0
    outer loop
      vertex 23.76321356713772 -0.2540000006556511 0
      vertex 23.76321356713772 -0.2540000006556511 1.8
      vertex 26.056106783151627 -2.5468932166695595 1.8
    endloop
  endfacet
  facet normal 0.7826596974844854 0.6224498356763328 0
    outer loop
      vertex 26.056106783151627 -2.5468932166695595 0
      vertex 26.056106783151627 -2.5468932166695595 1.8
      vertex 26.197135805785656 -2.724221132695675 1.8
    endloop
  endfacet
  facet normal 0 0 1
    outer loop
      vertex 11.027893215119839 -2.5468932166695595 1.8
      vertex 10.73499999910593 -3.254000000655651 1.8
      vertex 23.8863405880332 -10.544872969388962 1.8
    endloop
  endfacet
  facet normal 0 0 1
    outer loop
      vertex 13.320786431133747 -0.2539999932050705 1.8
      vertex 11.027893215119839 -2.5468932166695595 1.8
      vertex 23.8863405880332 -10.544872969388962 1.8
    endloop
  endfacet
  facet normal 0 0 1
    outer loop
      vertex 23.76321356713772 -0.2540000006556511 1.8
      vertex 13.320786431133747 -0.2539999932050705 1.8
      vertex 23.8863405880332 -10.544872969388962 1.8
    endloop
  endfacet
  facet normal 0 0 1
    outer loop
      vertex 26.197135805785656 -2.724221132695675 1.8
      vertex 26.056106783151627 -2.5468932166695595 1.8
      vertex 23.8863405880332 -10.544872969388962 1.8
    endloop
  endfacet
  facet normal 0 0 1
    outer loop
      vertex 26.056106783151627 -2.5468932166695595 1.8
      vertex 23.76321356713772 -0.2540000006556511 1.8
      vertex 23.8863405880332 -10.544872969388962 1.8
    endloop
  endfacet
  facet normal 0 0 -1
    outer loop
      vertex 13.320786431133747 -0.2539999932050705 0
      vertex 11.027893215119839 2.0388932153582573 0
      vertex 10.73499999910593 2.745999999344349 0
    endloop
  endfacet
  facet normal 0 0 -1
    outer loop
      vertex 13.320786431133747 -0.2539999932050705 0
      vertex 10.73499999910593 2.745999999344349 0
      vertex 10.73499999910593 7.413999997079372 0
    endloop
  endfacet
  facet normal 0 0 -1
    outer loop
      vertex 13.320786431133747 -0.2539999932050705 0
      vertex 10.73499999910593 7.413999997079372 0
      vertex 11.027893215119839 8.121106781065464 0
    endloop
  endfacet
  facet normal 0 0 -1
    outer loop
      vertex 13.320786431133747 -0.2539999932050705 0
      vertex 26.056106783151627 2.0388932153582573 0
      vertex 23.76321356713772 -0.2540000006556511 0
    endloop
  endfacet
  facet normal 0 0 -1
    outer loop
      vertex 13.320786431133747 -0.2539999932050705 0
      vertex 26.348999999165535 2.745999999344349 0
      vertex 26.056106783151627 2.0388932153582573 0
    endloop
  endfacet
  facet normal 0 0 -1
    outer loop
      vertex 13.320786431133747 -0.2539999932050705 0
      vertex 26.348999999165535 7.413999997079372 0
      vertex 26.348999999165535 2.745999999344349 0
    endloop
  endfacet
  facet normal 0 0 -1
    outer loop
      vertex 13.320786431133747 -0.2539999932050705 0
      vertex 26.056106783151627 8.121106781065464 0
      vertex 26.348999999165535 7.413999997079372 0
    endloop
  endfacet
  facet normal -0.707106780037703 -0.7071067823353921 1.902124319359395e-17
    outer loop
      vertex 13.320786431133747 -0.2539999932050705 0
      vertex 11.027893215119839 2.0388932153582573 1.8
      vertex 11.027893215119839 2.0388932153582573 0
    endloop
  endfacet
  facet normal -0.923879534340177 -0.382683427949758 0
    outer loop
      vertex 11.027893215119839 2.0388932153582573 0
      vertex 10.73499999910593 2.745999999344349 1.8
      vertex 10.73499999910593 2.745999999344349 0
    endloop
  endfacet
  facet normal -1 0 0
    outer loop
      vertex 10.73499999910593 2.745999999344349 0
      vertex 10.73499999910593 7.413999997079372 1.8
      vertex 10.73499999910593 7.413999997079372 0
    endloop
  endfacet
  facet normal 0.7071067811865476 -0.7071067811865476 3.8042486325379826e-17
    outer loop
      vertex 26.056106783151627 2.0388932153582573 0
      vertex 23.76321356713772 -0.2540000006556511 1.8
      vertex 23.76321356713772 -0.2540000006556511 0
    endloop
  endfacet
  facet normal 0.923879534340177 -0.382683427949758 0
    outer loop
      vertex 26.348999999165535 2.745999999344349 0
      vertex 26.056106783151627 2.0388932153582573 1.8
      vertex 26.056106783151627 2.0388932153582573 0
    endloop
  endfacet
  facet normal 1 0 0
    outer loop
      vertex 26.348999999165535 7.413999997079372 0
      vertex 26.348999999165535 2.745999999344349 1.8
      vertex 26.348999999165535 2.745999999344349 0
    endloop
  endfacet
  facet normal 0 0 -1
    outer loop
      vertex 13.320786431133747 -0.2539999932050705 0
      vertex 11.027893215119839 8.121106781065464 0
      vertex 15.627893216609955 12.72110678255558 0
    endloop
  endfacet
  facet normal 0 0 -1
    outer loop
      vertex 13.320786431133747 -0.2539999932050705 0
      vertex 15.627893216609955 12.72110678255558 0
      vertex 16.335000000596047 13.013999998569489 0
    endloop
  endfacet
  facet normal 0 0 -1
    outer loop
      vertex 13.320786431133747 -0.2539999932050705 0
      vertex 21.45610678911209 12.72110678255558 0
      vertex 26.056106783151627 8.121106781065464 0
    endloop
  endfacet
  facet normal 0 0 -1
    outer loop
      vertex 13.320786431133747 -0.2539999932050705 0
      vertex 16.335000000596047 13.013999998569489 0
      vertex 20.749000005126 13.013999998569489 0
    endloop
  endfacet
  facet normal 0 0 -1
    outer loop
      vertex 13.320786431133747 -0.2539999932050705 0
      vertex 20.749000005126 13.013999998569489 0
      vertex 21.45610678911209 12.72110678255558 0
    endloop
  endfacet
  facet normal -0.923879534340177 0.382683427949758 0
    outer loop
      vertex 10.73499999910593 7.413999997079372 0
      vertex 11.027893215119839 8.121106781065464 1.8
      vertex 11.027893215119839 8.121106781065464 0
    endloop
  endfacet
  facet normal -0.7071067811865475 0.7071067811865475 -1.0903419848438625e-16
    outer loop
      vertex 11.027893215119839 8.121106781065464 0
      vertex 15.627893216609955 12.72110678255558 1.8
      vertex 15.627893216609955 12.72110678255558 0
    endloop
  endfacet
  facet normal -0.382683427949758 0.923879534340177 0
    outer loop
      vertex 15.627893216609955 12.72110678255558 0
      vertex 16.335000000596047 13.013999998569489 1.8
      vertex 16.335000000596047 13.013999998569489 0
    endloop
  endfacet
  facet normal 0 1 0
    outer loop
      vertex 16.335000000596047 13.013999998569489 0
      vertex 20.749000005126 13.013999998569489 1.8
      vertex 20.749000005126 13.013999998569489 0
    endloop
  endfacet
  facet normal 0.707106781759195 0.7071067806139002 -1.3273728521892345e-16
    outer loop
      vertex 21.45610678911209 12.72110678255558 0
      vertex 26.056106783151627 8.121106781065464 1.8
      vertex 26.056106783151627 8.121106781065464 0
    endloop
  endfacet
  facet normal 0.923879534340177 0.382683427949758 0
    outer loop
      vertex 26.056106783151627 8.121106781065464 0
      vertex 26.348999999165535 7.413999997079372 1.8
      vertex 26.348999999165535 7.413999997079372 0
    endloop
  endfacet
  facet normal 0.382683427949758 0.923879534340177 0
    outer loop
      vertex 20.749000005126 13.013999998569489 0
      vertex 21.45610678911209 12.72110678255558 1.8
      vertex 21.45610678911209 12.72110678255558 0
    endloop
  endfacet
  facet normal -0.707106780037703 -0.7071067823353921 0
    outer loop
      vertex 13.320786431133747 -0.2539999932050705 0
      vertex 13.320786431133747 -0.2539999932050705 1.8
      vertex 11.027893215119839 2.0388932153582573 1.8
    endloop
  endfacet
  facet normal -0.923879534340177 -0.382683427949758 0
    outer loop
      vertex 11.027893215119839 2.0388932153582573 0
      vertex 11.027893215119839 2.0388932153582573 1.8
      vertex 10.73499999910593 2.745999999344349 1.8
    endloop
  endfacet
  facet normal -1 0 0
    outer loop
      vertex 10.73499999910593 2.745999999344349 0
      vertex 10.73499999910593 2.745999999344349 1.8
      vertex 10.73499999910593 7.413999997079372 1.8
    endloop
  endfacet
  facet normal 0.7071067811865476 -0.7071067811865476 0
    outer loop
      vertex 26.056106783151627 2.0388932153582573 0
      vertex 26.056106783151627 2.0388932153582573 1.8
      vertex 23.76321356713772 -0.2540000006556511 1.8
    endloop
  endfacet
  facet normal 0.923879534340177 -0.382683427949758 0
    outer loop
      vertex 26.348999999165535 2.745999999344349 0
      vertex 26.348999999165535 2.745999999344349 1.8
      vertex 26.056106783151627 2.0388932153582573 1.8
    endloop
  endfacet
  facet normal 1 0 0
    outer loop
      vertex 26.348999999165535 7.413999997079372 0
      vertex 26.348999999165535 7.413999997079372 1.8
      vertex 26.348999999165535 2.745999999344349 1.8
    endloop
  endfacet
  facet normal 0 0 1
    outer loop
      vertex 10.73499999910593 2.745999999344349 1.8
      vertex 11.027893215119839 2.0388932153582573 1.8
      vertex 13.320786431133747 -0.2539999932050705 1.8
    endloop
  endfacet
  facet normal 0 0 1
    outer loop
      vertex 10.73499999910593 7.413999997079372 1.8
      vertex 10.73499999910593 2.745999999344349 1.8
      vertex 13.320786431133747 -0.2539999932050705 1.8
    endloop
  endfacet
  facet normal 0 0 1
    outer loop
      vertex 11.027893215119839 8.121106781065464 1.8
      vertex 10.73499999910593 7.413999997079372 1.8
      vertex 13.320786431133747 -0.2539999932050705 1.8
    endloop
  endfacet
  facet normal 0 0 1
    outer loop
      vertex 23.76321356713772 -0.2540000006556511 1.8
      vertex 26.056106783151627 2.0388932153582573 1.8
      vertex 13.320786431133747 -0.2539999932050705 1.8
    endloop
  endfacet
  facet normal 0 0 1
    outer loop
      vertex 26.056106783151627 2.0388932153582573 1.8
      vertex 26.348999999165535 2.745999999344349 1.8
      vertex 13.320786431133747 -0.2539999932050705 1.8
    endloop
  endfacet
  facet normal 0 0 1
    outer loop
      vertex 26.348999999165535 2.745999999344349 1.8
      vertex 26.348999999165535 7.413999997079372 1.8
      vertex 13.320786431133747 -0.2539999932050705 1.8
    endloop
  endfacet
  facet normal 0 0 1
    outer loop
      vertex 26.348999999165535 7.413999997079372 1.8
      vertex 26.056106783151627 8.121106781065464 1.8
      vertex 13.320786431133747 -0.2539999932050705 1.8
    endloop
  endfacet
  facet normal -0.923879534340177 0.382683427949758 0
    outer loop
      vertex 10.73499999910593 7.413999997079372 0
      vertex 10.73499999910593 7.413999997079372 1.8
      vertex 11.027893215119839 8.121106781065464 1.8
    endloop
  endfacet
  facet normal -0.7071067811865475 0.7071067811865475 0
    outer loop
      vertex 11.027893215119839 8.121106781065464 0
      vertex 11.027893215119839 8.121106781065464 1.8
      vertex 15.627893216609955 12.72110678255558 1.8
    endloop
  endfacet
  facet normal -0.382683427949758 0.923879534340177 0
    outer loop
      vertex 15.627893216609955 12.72110678255558 0
      vertex 15.627893216609955 12.72110678255558 1.8
      vertex 16.335000000596047 13.013999998569489 1.8
    endloop
  endfacet
  facet normal 0 1 0
    outer loop
      vertex 16.335000000596047 13.013999998569489 0
      vertex 16.335000000596047 13.013999998569489 1.8
      vertex 20.749000005126 13.013999998569489 1.8
    endloop
  endfacet
  facet normal 0.923879534340177 0.382683427949758 0
    outer loop
      vertex 26.056106783151627 8.121106781065464 0
      vertex 26.056106783151627 8.121106781065464 1.8
      vertex 26.348999999165535 7.413999997079372 1.8
    endloop
  endfacet
  facet normal 0.707106781759195 0.7071067806139002 0
    outer loop
      vertex 21.45610678911209 12.72110678255558 0
      vertex 21.45610678911209 12.72110678255558 1.8
      vertex 26.056106783151627 8.121106781065464 1.8
    endloop
  endfacet
  facet normal 0.382683427949758 0.923879534340177 0
    outer loop
      vertex 20.749000005126 13.013999998569489 0
      vertex 20.749000005126 13.013999998569489 1.8
      vertex 21.45610678911209 12.72110678255558 1.8
    endloop
  endfacet
  facet normal 0 0 1
    outer loop
      vertex 15.627893216609955 12.72110678255558 1.8
      vertex 11.027893215119839 8.121106781065464 1.8
      vertex 13.320786431133747 -0.2539999932050705 1.8
    endloop
  endfacet
  facet normal 0 0 1
    outer loop
      vertex 16.335000000596047 13.013999998569489 1.8
      vertex 15.627893216609955 12.72110678255558 1.8
      vertex 13.320786431133747 -0.2539999932050705 1.8
    endloop
  endfacet
  facet normal 0 0 1
    outer loop
      vertex 26.056106783151627 8.121106781065464 1.8
      vertex 21.45610678911209 12.72110678255558 1.8
      vertex 13.320786431133747 -0.2539999932050705 1.8
    endloop
  endfacet
  facet normal 0 0 1
    outer loop
      vertex 20.749000005126 13.013999998569489 1.8
      vertex 16.335000000596047 13.013999998569489 1.8
      vertex 13.320786431133747 -0.2539999932050705 1.8
    endloop
  endfacet
  facet normal 0 0 1
    outer loop
      vertex 21.45610678911209 12.72110678255558 1.8
      vertex 20.749000005126 13.013999998569489 1.8
      vertex 13.320786431133747 -0.2539999932050705 1.8
    endloop
  endfacet
  facet normal 0 0 -1
    outer loop
      vertex 44.2063405880332 -10.544872969388962 0
      vertex 36.65500000059605 -13.26799999922514 0
      vertex 35.947893216609955 -12.975106783211231 0
    endloop
  endfacet
  facet normal 0 0 -1
    outer loop
      vertex 44.2063405880332 -10.544872969388962 0
      vertex 41.069000005126 -13.26799999922514 0
      vertex 36.65500000059605 -13.26799999922514 0
    endloop
  endfacet
  facet normal 0 0 -1
    outer loop
      vertex 44.2063405880332 -10.544872969388962 0
      vertex 35.947893216609955 -12.975106783211231 0
      vertex 31.34789321511984 -8.375106789171696 0
    endloop
  endfacet
  facet normal 0 0 -1
    outer loop
      vertex 44.2063405880332 -10.544872969388962 0
      vertex 31.34789321511984 -8.375106789171696 0
      vertex 31.05499999910593 -7.668000005185604 0
    endloop
  endfacet
  facet normal 0 0 -1
    outer loop
      vertex 44.2063405880332 -10.544872969388962 0
      vertex 31.05499999910593 -7.668000005185604 0
      vertex 31.05499999910593 -3.254000000655651 0
    endloop
  endfacet
  facet normal 0 0 -1
    outer loop
      vertex 44.2063405880332 -10.544872969388962 0
      vertex 41.77610678911209 -12.975106783211231 0
      vertex 41.069000005126 -13.26799999922514 0
    endloop
  endfacet
  facet normal 0 0 -1
    outer loop
      vertex 47.30140302270651 -12.986374750733376 0
      vertex 47.14393581390381 -12.930032074451447 0
      vertex 50.836009017527104 -10.463067680597305 0
    endloop
  endfacet
  facet normal 0 0 -1
    outer loop
      vertex 47.05327065229416 -12.892477333545685 0
      vertex 46.9020842307806 -12.820971488952637 0
      vertex 50.79364408493042 -9.934793956577778 0
    endloop
  endfacet
  facet normal 0 0 -1
    outer loop
      vertex 46.9020842307806 -12.820971488952637 0
      vertex 46.81553652077913 -12.774710781872272 0
      vertex 50.79364408493042 -9.934793956577778 0
    endloop
  endfacet
  facet normal 0 0 -1
    outer loop
      vertex 47.14393581390381 -12.930032074451447 0
      vertex 47.05327065229416 -12.892477333545685 0
      vertex 50.79364408493042 -9.934793956577778 0
    endloop
  endfacet
  facet normal 0 0 -1
    outer loop
      vertex 46.81553652077913 -12.774710781872272 0
      vertex 46.67208690881729 -12.688730388879776 0
      vertex 50.79364408493042 -9.934793956577778 0
    endloop
  endfacet
  facet normal 0 0 -1
    outer loop
      vertex 48.08393231719732 -13.1170090213418 0
      vertex 47.91689017355442 -13.108802765607834 0
      vertex 50.70537476927042 -11.245596922934055 0
    endloop
  endfacet
  facet normal 0 0 -1
    outer loop
      vertex 48.18206768423319 -13.1170090213418 0
      vertex 48.08393231719732 -13.1170090213418 0
      vertex 50.70537476927042 -11.245596922934055 0
    endloop
  endfacet
  facet normal 0 0 -1
    outer loop
      vertex 48.964596978724 -12.986374750733376 0
      vertex 48.870687245726586 -13.014861963689327 0
      vertex 50.353209331035615 -11.956509619951248 0
    endloop
  endfacet
  facet normal 0 0 -1
    outer loop
      vertex 49.36391578555107 -12.820971481502056 0
      vertex 49.212729371488095 -12.892477326095104 0
      vertex 50.079012072980404 -12.290619939565659 0
    endloop
  endfacet
  facet normal 0 0 -1
    outer loop
      vertex 48.61220604121685 -13.074644088745117 0
      vertex 48.446772604584694 -13.099183820188046 0
      vertex 50.49371079295874 -11.731463447213173 0
    endloop
  endfacet
  facet normal 0 0 -1
    outer loop
      vertex 48.70845573335886 -13.055498838424683 0
      vertex 48.61220604121685 -13.074644088745117 0
      vertex 50.49371079295874 -11.731463447213173 0
    endloop
  endfacet
  facet normal 0 0 -1
    outer loop
      vertex 48.870687245726586 -13.014861963689327 0
      vertex 48.70845573335886 -13.055498838424683 0
      vertex 50.40773040741682 -11.874913059175014 0
    endloop
  endfacet
  facet normal 0 0 -1
    outer loop
      vertex 48.34910982042551 -13.108802765607834 0
      vertex 48.18206768423319 -13.1170090213418 0
      vertex 50.70537476927042 -11.245596922934055 0
    endloop
  endfacet
  facet normal 0 0 -1
    outer loop
      vertex 48.446772604584694 -13.099183820188046 0
      vertex 48.34910982042551 -13.108802765607834 0
      vertex 50.70537476927042 -11.245596922934055 0
    endloop
  endfacet
  facet normal 0 0 -1
    outer loop
      vertex 49.212729371488095 -12.892477326095104 0
      vertex 49.1220641875267 -12.930032074451447 0
      vertex 50.25358243972063 -12.090840935707092 0
    endloop
  endfacet
  facet normal 0 0 -1
    outer loop
      vertex 49.1220641875267 -12.930032074451447 0
      vertex 48.964596978724 -12.986374750733376 0
      vertex 50.353209331035615 -11.956509619951248 0
    endloop
  endfacet
  facet normal 0 0 -1
    outer loop
      vertex 49.45046345084906 -12.774710789322853 0
      vertex 49.36391578555107 -12.820971481502056 0
      vertex 50.079012072980404 -12.290619939565659 0
    endloop
  endfacet
  facet normal 0 0 -1
    outer loop
      vertex 49.59391307026148 -12.688730396330357 0
      vertex 49.45046345084906 -12.774710789322853 0
      vertex 49.88570059031248 -12.472326025366783 0
    endloop
  endfacet
  facet normal 0 0 -1
    outer loop
      vertex 49.675509645938874 -12.63420931249857 0
      vertex 49.59391307026148 -12.688730396330357 0
      vertex 49.88570059031248 -12.472326025366783 0
    endloop
  endfacet
  facet normal 0 0 -1
    outer loop
      vertex 49.45046345084906 -12.774710789322853 0
      vertex 50.0096199208498 -12.360012091696262 0
      vertex 49.88570059031248 -12.472326025366783 0
    endloop
  endfacet
  facet normal 0 0 -1
    outer loop
      vertex 49.80984095424414 -12.534582421183586 0
      vertex 49.675509645938874 -12.63420931249857 0
      vertex 49.88570059031248 -12.472326025366783 0
    endloop
  endfacet
  facet normal 0 0 -1
    outer loop
      vertex 49.45046345084906 -12.774710789322853 0
      vertex 50.079012072980404 -12.290619939565659 0
      vertex 50.0096199208498 -12.360012091696262 0
    endloop
  endfacet
  facet normal 0 0 -1
    outer loop
      vertex 49.212729371488095 -12.892477326095104 0
      vertex 50.191326006650925 -12.16670061647892 0
      vertex 50.079012072980404 -12.290619939565659 0
    endloop
  endfacet
  facet normal 0 0 -1
    outer loop
      vertex 47.81922738194466 -13.099183820188046 0
      vertex 47.65379395276308 -13.074644088745117 0
      vertex 50.774498834609986 -10.989455729722977 0
    endloop
  endfacet
  facet normal 0 0 -1
    outer loop
      vertex 47.91689017355442 -13.108802765607834 0
      vertex 47.81922738194466 -13.099183820188046 0
      vertex 50.774498834609986 -10.989455729722977 0
    endloop
  endfacet
  facet normal 0 0 -1
    outer loop
      vertex 47.39531275570393 -13.014861963689327 0
      vertex 47.30140302270651 -12.986374750733376 0
      vertex 50.836009017527104 -10.463067680597305 0
    endloop
  endfacet
  facet normal 0 0 -1
    outer loop
      vertex 47.55754426807165 -13.055498838424683 0
      vertex 47.39531275570393 -13.014861963689327 0
      vertex 50.836009017527104 -10.463067680597305 0
    endloop
  endfacet
  facet normal 0 0 -1
    outer loop
      vertex 47.65379395276308 -13.074644088745117 0
      vertex 47.55754426807165 -13.055498838424683 0
      vertex 50.836009017527104 -10.463067680597305 0
    endloop
  endfacet
  facet normal 0 0 -1
    outer loop
      vertex 49.212729371488095 -12.892477326095104 0
      vertex 50.25358243972063 -12.090840935707092 0
      vertex 50.191326006650925 -12.16670061647892 0
    endloop
  endfacet
  facet normal 0 0 -1
    outer loop
      vertex 49.1220641875267 -12.930032074451447 0
      vertex 50.353209331035615 -11.956509619951248 0
      vertex 50.25358243972063 -12.090840935707092 0
    endloop
  endfacet
  facet normal 0 0 -1
    outer loop
      vertex 48.870687245726586 -13.014861963689327 0
      vertex 50.40773040741682 -11.874913059175014 0
      vertex 50.353209331035615 -11.956509619951248 0
    endloop
  endfacet
  facet normal 0 0 -1
    outer loop
      vertex 48.446772604584694 -13.099183820188046 0
      vertex 50.5399714627862 -11.644915826618671 0
      vertex 50.49371079295874 -11.731463447213173 0
    endloop
  endfacet
  facet normal 0 0 -1
    outer loop
      vertex 48.70845573335886 -13.055498838424683 0
      vertex 50.49371079295874 -11.731463447213173 0
      vertex 50.40773040741682 -11.874913059175014 0
    endloop
  endfacet
  facet normal 0 0 -1
    outer loop
      vertex 48.446772604584694 -13.099183820188046 0
      vertex 50.61147731482983 -11.493729412555695 0
      vertex 50.5399714627862 -11.644915826618671 0
    endloop
  endfacet
  facet normal 0 0 -1
    outer loop
      vertex 48.446772604584694 -13.099183820188046 0
      vertex 50.64903210043907 -11.403064139187336 0
      vertex 50.61147731482983 -11.493729412555695 0
    endloop
  endfacet
  facet normal 0 0 -1
    outer loop
      vertex 47.91689017355442 -13.108802765607834 0
      vertex 50.73386195987463 -11.151687242090702 0
      vertex 50.70537476927042 -11.245596922934055 0
    endloop
  endfacet
  facet normal 0 0 -1
    outer loop
      vertex 48.446772604584694 -13.099183820188046 0
      vertex 50.70537476927042 -11.245596922934055 0
      vertex 50.64903210043907 -11.403064139187336 0
    endloop
  endfacet
  facet normal 0 0 -1
    outer loop
      vertex 47.91689017355442 -13.108802765607834 0
      vertex 50.774498834609986 -10.989455729722977 0
      vertex 50.73386195987463 -11.151687242090702 0
    endloop
  endfacet
  facet normal 0 0 -1
    outer loop
      vertex 47.65379395276308 -13.074644088745117 0
      vertex 50.79364408493042 -10.893206045031548 0
      vertex 50.774498834609986 -10.989455729722977 0
    endloop
  endfacet
  facet normal 0 0 -1
    outer loop
      vertex 46.456159047186375 -12.534582421183586 0
      vertex 46.388432368040085 -12.479616805911064 0
      vertex 50.40773040741682 -8.953086942434311 0
    endloop
  endfacet
  facet normal 0 0 -1
    outer loop
      vertex 46.67208690881729 -12.688730388879776 0
      vertex 46.59049035549164 -12.63420931249857 0
      vertex 50.5399714627862 -9.183084174990654 0
    endloop
  endfacet
  facet normal 0 0 -1
    outer loop
      vertex 46.59049035549164 -12.63420931249857 0
      vertex 46.456159047186375 -12.534582421183586 0
      vertex 50.5399714627862 -9.183084174990654 0
    endloop
  endfacet
  facet normal 0 0 -1
    outer loop
      vertex 46.388432368040085 -12.479616805911064 0
      vertex 44.2063405880332 -10.544872969388962 0
      vertex 50.39813759863377 -8.937410809099674 0
    endloop
  endfacet
  facet normal 0 0 -1
    outer loop
      vertex 47.14393581390381 -12.930032074451447 0
      vertex 50.836009017527104 -10.36493231356144 0
      vertex 50.836009017527104 -10.463067680597305 0
    endloop
  endfacet
  facet normal 0 0 -1
    outer loop
      vertex 47.14393581390381 -12.930032074451447 0
      vertex 50.82780276179314 -10.197890177369118 0
      vertex 50.836009017527104 -10.36493231356144 0
    endloop
  endfacet
  facet normal 0 0 -1
    outer loop
      vertex 47.14393581390381 -12.930032074451447 0
      vertex 50.81818381637335 -10.100227393209934 0
      vertex 50.82780276179314 -10.197890177369118 0
    endloop
  endfacet
  facet normal 0 0 -1
    outer loop
      vertex 47.14393581390381 -12.930032074451447 0
      vertex 50.79364408493042 -9.934793956577778 0
      vertex 50.81818381637335 -10.100227393209934 0
    endloop
  endfacet
  facet normal 0 0 -1
    outer loop
      vertex 46.67208690881729 -12.688730388879776 0
      vertex 50.774498827159405 -9.838544256985188 0
      vertex 50.79364408493042 -9.934793956577778 0
    endloop
  endfacet
  facet normal 0 0 -1
    outer loop
      vertex 47.65379395276308 -13.074644088745117 0
      vertex 50.81818381637335 -10.727772615849972 0
      vertex 50.79364408493042 -10.893206045031548 0
    endloop
  endfacet
  facet normal 0 0 -1
    outer loop
      vertex 47.65379395276308 -13.074644088745117 0
      vertex 50.82780276179314 -10.630109824240208 0
      vertex 50.81818381637335 -10.727772615849972 0
    endloop
  endfacet
  facet normal 0 0 -1
    outer loop
      vertex 47.65379395276308 -13.074644088745117 0
      vertex 50.836009017527104 -10.463067680597305 0
      vertex 50.82780276179314 -10.630109824240208 0
    endloop
  endfacet
  facet normal 0 0 -1
    outer loop
      vertex 46.67208690881729 -12.688730388879776 0
      vertex 50.73386195242405 -9.676312752068043 0
      vertex 50.774498827159405 -9.838544256985188 0
    endloop
  endfacet
  facet normal 0 0 -1
    outer loop
      vertex 46.67208690881729 -12.688730388879776 0
      vertex 50.70537476927042 -9.58240307867527 0
      vertex 50.73386195242405 -9.676312752068043 0
    endloop
  endfacet
  facet normal 0 0 -1
    outer loop
      vertex 46.67208690881729 -12.688730388879776 0
      vertex 50.64903210043907 -9.42493586242199 0
      vertex 50.70537476927042 -9.58240307867527 0
    endloop
  endfacet
  facet normal 0 0 -1
    outer loop
      vertex 46.67208690881729 -12.688730388879776 0
      vertex 50.61147731482983 -9.33427058905363 0
      vertex 50.64903210043907 -9.42493586242199 0
    endloop
  endfacet
  facet normal 0 0 -1
    outer loop
      vertex 46.67208690881729 -12.688730388879776 0
      vertex 50.5399714627862 -9.183084174990654 0
      vertex 50.61147731482983 -9.33427058905363 0
    endloop
  endfacet
  facet normal 0 0 -1
    outer loop
      vertex 46.388432368040085 -12.479616805911064 0
      vertex 50.39813759863377 -8.937410809099674 0
      vertex 50.40773040741682 -8.953086942434311 0
    endloop
  endfacet
  facet normal 0 0 -1
    outer loop
      vertex 46.456159047186375 -12.534582421183586 0
      vertex 50.49371079295874 -9.096536554396152 0
      vertex 50.5399714627862 -9.183084174990654 0
    endloop
  endfacet
  facet normal 0 0 -1
    outer loop
      vertex 46.456159047186375 -12.534582421183586 0
      vertex 50.40773040741682 -8.953086942434311 0
      vertex 50.49371079295874 -9.096536554396152 0
    endloop
  endfacet
  facet normal 0 0 -1
    outer loop
      vertex 44.2063405880332 -10.544872969388962 0
      vertex 46.51713580578566 -2.724221132695675 0
      vertex 50.39813759863377 -8.937410809099674 0
    endloop
  endfacet
  facet normal -0.382683427949758 -0.923879534340177 0
    outer loop
      vertex 36.65500000059605 -13.26799999922514 0
      vertex 35.947893216609955 -12.975106783211231 1.8
      vertex 35.947893216609955 -12.975106783211231 0
    endloop
  endfacet
  facet normal 0 -1 0
    outer loop
      vertex 41.069000005126 -13.26799999922514 0
      vertex 36.65500000059605 -13.26799999922514 1.8
      vertex 36.65500000059605 -13.26799999922514 0
    endloop
  endfacet
  facet normal -0.7071067806139002 -0.707106781759195 -1.3273728521892345e-16
    outer loop
      vertex 35.947893216609955 -12.975106783211231 0
      vertex 31.34789321511984 -8.375106789171696 1.8
      vertex 31.34789321511984 -8.375106789171696 0
    endloop
  endfacet
  facet normal -0.923879534340177 -0.382683427949758 0
    outer loop
      vertex 31.34789321511984 -8.375106789171696 0
      vertex 31.05499999910593 -7.668000005185604 1.8
      vertex 31.05499999910593 -7.668000005185604 0
    endloop
  endfacet
  facet normal 0.382683427949758 -0.923879534340177 0
    outer loop
      vertex 41.77610678911209 -12.975106783211231 0
      vertex 41.069000005126 -13.26799999922514 1.8
      vertex 41.069000005126 -13.26799999922514 0
    endloop
  endfacet
  facet normal 0.7071067833543867 -0.7071067790187082 -8.973144743014943e-18
    outer loop
      vertex 44.2063405880332 -10.544872969388962 0
      vertex 41.77610678911209 -12.975106783211231 1.8
      vertex 41.77610678911209 -12.975106783211231 0
    endloop
  endfacet
  facet normal -0.6634259961742808 -0.7482419044668396 6.34494691393351e-17
    outer loop
      vertex 46.388432368040085 -12.479616805911064 0
      vertex 44.2063405880332 -10.544872969388962 1.8
      vertex 44.2063405880332 -10.544872969388962 0
    endloop
  endfacet
  facet normal -0.382683443953035 -0.9238795277114026 0
    outer loop
      vertex 47.14393581390381 -12.930032074451447 0
      vertex 47.05327065229416 -12.892477333545685 1.8
      vertex 47.05327065229416 -12.892477333545685 0
    endloop
  endfacet
  facet normal -0.5956993165623518 -0.8032075225289831 0
    outer loop
      vertex 46.59049035549164 -12.63420931249857 0
      vertex 46.456159047186375 -12.534582421183586 1.8
      vertex 46.456159047186375 -12.534582421183586 0
    endloop
  endfacet
  facet normal -0.630162218858316 -0.7764635071421991 0
    outer loop
      vertex 46.456159047186375 -12.534582421183586 0
      vertex 46.388432368040085 -12.479616805911064 1.8
      vertex 46.388432368040085 -12.479616805911064 0
    endloop
  endfacet
  facet normal -0.4713966757474304 -0.8819212969955267 0
    outer loop
      vertex 46.9020842307806 -12.820971488952637 0
      vertex 46.81553652077913 -12.774710781872272 1.8
      vertex 46.81553652077913 -12.774710781872272 0
    endloop
  endfacet
  facet normal -0.5555702507806306 -0.8314696004350052 0
    outer loop
      vertex 46.67208690881729 -12.688730388879776 0
      vertex 46.59049035549164 -12.63420931249857 1.8
      vertex 46.59049035549164 -12.63420931249857 0
    endloop
  endfacet
  facet normal -0.514102763711183 -0.8577285983016559 0
    outer loop
      vertex 46.81553652077913 -12.774710781872272 0
      vertex 46.67208690881729 -12.688730388879776 1.8
      vertex 46.67208690881729 -12.688730388879776 0
    endloop
  endfacet
  facet normal -0.42755505738956584 -0.9039893101694317 0
    outer loop
      vertex 47.05327065229416 -12.892477333545685 0
      vertex 46.9020842307806 -12.820971488952637 1.8
      vertex 46.9020842307806 -12.820971488952637 0
    endloop
  endfacet
  facet normal -0.14673047652309334 -0.989176509658062 0
    outer loop
      vertex 47.81922738194466 -13.099183820188046 0
      vertex 47.65379395276308 -13.074644088745117 1.8
      vertex 47.65379395276308 -13.074644088745117 0
    endloop
  endfacet
  facet normal -0.2902847415729003 -0.9569403162214217 0
    outer loop
      vertex 47.39531275570393 -13.014861963689327 0
      vertex 47.30140302270651 -12.986374750733376 1.8
      vertex 47.30140302270651 -12.986374750733376 0
    endloop
  endfacet
  facet normal -0.24298015939615084 -0.9700312583313081 0
    outer loop
      vertex 47.55754426807165 -13.055498838424683 0
      vertex 47.39531275570393 -13.014861963689327 1.8
      vertex 47.39531275570393 -13.014861963689327 0
    endloop
  endfacet
  facet normal -0.336889896078057 -0.941544049909783 0
    outer loop
      vertex 47.30140302270651 -12.986374750733376 0
      vertex 47.14393581390381 -12.930032074451447 1.8
      vertex 47.14393581390381 -12.930032074451447 0
    endloop
  endfacet
  facet normal -0.1950902992644615 -0.9807852849288181 0
    outer loop
      vertex 47.65379395276308 -13.074644088745117 0
      vertex 47.55754426807165 -13.055498838424683 1.8
      vertex 47.55754426807165 -13.055498838424683 0
    endloop
  endfacet
  facet normal -0.09801714051489621 -0.9951847266539429 0
    outer loop
      vertex 47.91689017355442 -13.108802765607834 0
      vertex 47.81922738194466 -13.099183820188046 1.8
      vertex 47.81922738194466 -13.099183820188046 0
    endloop
  endfacet
  facet normal -0.04906768290526446 -0.9987954557837697 0
    outer loop
      vertex 48.08393231719732 -13.1170090213418 0
      vertex 47.91689017355442 -13.108802765607834 1.8
      vertex 47.91689017355442 -13.108802765607834 0
    endloop
  endfacet
  facet normal 0 -1 0
    outer loop
      vertex 48.18206768423319 -13.1170090213418 0
      vertex 48.08393231719732 -13.1170090213418 1.8
      vertex 48.08393231719732 -13.1170090213418 0
    endloop
  endfacet
  facet normal 0.0490676850885611 -0.9987954556765113 0
    outer loop
      vertex 48.34910982042551 -13.108802765607834 0
      vertex 48.18206768423319 -13.1170090213418 1.8
      vertex 48.18206768423319 -13.1170090213418 0
    endloop
  endfacet
  facet normal 0.09801714792067012 -0.9951847259245379 0
    outer loop
      vertex 48.446772604584694 -13.099183820188046 0
      vertex 48.34910982042551 -13.108802765607834 1.8
      vertex 48.34910982042551 -13.108802765607834 0
    endloop
  endfacet
  facet normal 0.1467304700571076 -0.9891765106172004 0
    outer loop
      vertex 48.61220604121685 -13.074644088745117 0
      vertex 48.446772604584694 -13.099183820188046 1.8
      vertex 48.446772604584694 -13.099183820188046 0
    endloop
  endfacet
  facet normal 0.19509028473751533 -0.9807852878184069 0
    outer loop
      vertex 48.70845573335886 -13.055498838424683 0
      vertex 48.61220604121685 -13.074644088745117 1.8
      vertex 48.61220604121685 -13.074644088745117 0
    endloop
  endfacet
  facet normal 0.24298015939615084 -0.9700312583313081 0
    outer loop
      vertex 48.870687245726586 -13.014861963689327 0
      vertex 48.70845573335886 -13.055498838424683 1.8
      vertex 48.70845573335886 -13.055498838424683 0
    endloop
  endfacet
  facet normal 0.2902847415729003 -0.9569403162214217 0
    outer loop
      vertex 48.964596978724 -12.986374750733376 0
      vertex 48.870687245726586 -13.014861963689327 1.8
      vertex 48.870687245726586 -13.014861963689327 0
    endloop
  endfacet
  facet normal 0.336889896078057 -0.941544049909783 0
    outer loop
      vertex 49.1220641875267 -12.930032074451447 0
      vertex 48.964596978724 -12.986374750733376 1.8
      vertex 48.964596978724 -12.986374750733376 0
    endloop
  endfacet
  facet normal 0.3826834282291699 -0.9238795342244409 0
    outer loop
      vertex 49.212729371488095 -12.892477326095104 0
      vertex 49.1220641875267 -12.930032074451447 1.8
      vertex 49.1220641875267 -12.930032074451447 0
    endloop
  endfacet
  facet normal 0.4275550746080923 -0.9039893020256758 0
    outer loop
      vertex 49.36391578555107 -12.820971481502056 0
      vertex 49.212729371488095 -12.892477326095104 1.8
      vertex 49.212729371488095 -12.892477326095104 0
    endloop
  endfacet
  facet normal 0.47139674702540346 -0.881921258896659 0
    outer loop
      vertex 49.45046345084906 -12.774710789322853 0
      vertex 49.36391578555107 -12.820971481502056 1.8
      vertex 49.36391578555107 -12.820971481502056 0
    endloop
  endfacet
  facet normal 0.5141027440667073 -0.8577286100761021 0
    outer loop
      vertex 49.59391307026148 -12.688730396330357 0
      vertex 49.45046345084906 -12.774710789322853 1.8
      vertex 49.45046345084906 -12.774710789322853 0
    endloop
  endfacet
  facet normal 0.5555701980548708 -0.8314696356652307 0
    outer loop
      vertex 49.675509645938874 -12.63420931249857 0
      vertex 49.59391307026148 -12.688730396330357 1.8
      vertex 49.59391307026148 -12.688730396330357 0
    endloop
  endfacet
  facet normal 0.5956993165623518 -0.8032075225289831 0
    outer loop
      vertex 49.80984095424414 -12.534582421183586 0
      vertex 49.675509645938874 -12.63420931249857 1.8
      vertex 49.675509645938874 -12.63420931249857 0
    endloop
  endfacet
  facet normal 0.6343932927828078 -0.7730104462891731 0
    outer loop
      vertex 49.88570059031248 -12.472326025366783 0
      vertex 49.80984095424414 -12.534582421183586 1.8
      vertex 49.80984095424414 -12.534582421183586 0
    endloop
  endfacet
  facet normal 0.6715589523891832 -0.7409511275826113 0
    outer loop
      vertex 50.0096199208498 -12.360012091696262 0
      vertex 49.88570059031248 -12.472326025366783 1.8
      vertex 49.88570059031248 -12.472326025366783 0
    endloop
  endfacet
  facet normal 0.7071067811865475 -0.7071067811865475 0
    outer loop
      vertex 50.079012072980404 -12.290619939565659 0
      vertex 50.0096199208498 -12.360012091696262 1.8
      vertex 50.0096199208498 -12.360012091696262 0
    endloop
  endfacet
  facet normal 0.7409511074912699 -0.6715589745565614 0
    outer loop
      vertex 50.191326006650925 -12.16670061647892 0
      vertex 50.079012072980404 -12.290619939565659 1.8
      vertex 50.079012072980404 -12.290619939565659 0
    endloop
  endfacet
  facet normal 0.7730104434623055 -0.634393296227356 0
    outer loop
      vertex 50.25358243972063 -12.090840935707092 0
      vertex 50.191326006650925 -12.16670061647892 1.8
      vertex 50.191326006650925 -12.16670061647892 0
    endloop
  endfacet
  facet normal 0.8032075383376345 -0.5956992952468532 0
    outer loop
      vertex 50.353209331035615 -11.956509619951248 0
      vertex 50.25358243972063 -12.090840935707092 1.8
      vertex 50.25358243972063 -12.090840935707092 0
    endloop
  endfacet
  facet normal 0.8314696238687989 -0.55557021570948 0
    outer loop
      vertex 50.40773040741682 -11.874913059175014 0
      vertex 50.353209331035615 -11.956509619951248 1.8
      vertex 50.353209331035615 -11.956509619951248 0
    endloop
  endfacet
  facet normal 0.8577286179461323 -0.5141027309363547 0
    outer loop
      vertex 50.49371079295874 -11.731463447213173 0
      vertex 50.40773040741682 -11.874913059175014 1.8
      vertex 50.40773040741682 -11.874913059175014 0
    endloop
  endfacet
  facet normal 0.8819212523609624 -0.47139675925283125 0
    outer loop
      vertex 50.5399714627862 -11.644915826618671 0
      vertex 50.49371079295874 -11.731463447213173 1.8
      vertex 50.49371079295874 -11.731463447213173 0
    endloop
  endfacet
  facet normal 0.9039892848071485 -0.4275551110136101 0
    outer loop
      vertex 50.61147731482983 -11.493729412555695 0
      vertex 50.5399714627862 -11.644915826618671 1.8
      vertex 50.5399714627862 -11.644915826618671 0
    endloop
  endfacet
  facet normal 0.9238795334342761 -0.38268343013679645 0
    outer loop
      vertex 50.64903210043907 -11.403064139187336 0
      vertex 50.61147731482983 -11.493729412555695 1.8
      vertex 50.61147731482983 -11.493729412555695 0
    endloop
  endfacet
  facet normal 0.9415440690967737 -0.33688984245401327 0
    outer loop
      vertex 50.70537476927042 -11.245596922934055 0
      vertex 50.64903210043907 -11.403064139187336 1.8
      vertex 50.64903210043907 -11.403064139187336 0
    endloop
  endfacet
  facet normal 0.9569403347082142 -0.29028468063012014 0
    outer loop
      vertex 50.73386195987463 -11.151687242090702 0
      vertex 50.70537476927042 -11.245596922934055 1.8
      vertex 50.70537476927042 -11.245596922934055 0
    endloop
  endfacet
  facet normal 0.9700312583313081 -0.24298015939615084 0
    outer loop
      vertex 50.774498834609986 -10.989455729722977 0
      vertex 50.73386195987463 -11.151687242090702 1.8
      vertex 50.73386195987463 -11.151687242090702 0
    endloop
  endfacet
  facet normal 0.9807852849288181 -0.1950902992644615 0
    outer loop
      vertex 50.79364408493042 -10.893206045031548 0
      vertex 50.774498834609986 -10.989455729722977 1.8
      vertex 50.774498834609986 -10.989455729722977 0
    endloop
  endfacet
  facet normal 0.989176509658062 -0.14673047652309334 0
    outer loop
      vertex 50.81818381637335 -10.727772615849972 0
      vertex 50.79364408493042 -10.893206045031548 1.8
      vertex 50.79364408493042 -10.893206045031548 0
    endloop
  endfacet
  facet normal 0.9951847266539429 -0.09801714051489621 0
    outer loop
      vertex 50.82780276179314 -10.630109824240208 0
      vertex 50.81818381637335 -10.727772615849972 1.8
      vertex 50.81818381637335 -10.727772615849972 0
    endloop
  endfacet
  facet normal 0.9987954557837697 -0.04906768290526446 0
    outer loop
      vertex 50.836009017527104 -10.463067680597305 0
      vertex 50.82780276179314 -10.630109824240208 1.8
      vertex 50.82780276179314 -10.630109824240208 0
    endloop
  endfacet
  facet normal 1 0 0
    outer loop
      vertex 50.836009017527104 -10.36493231356144 0
      vertex 50.836009017527104 -10.463067680597305 1.8
      vertex 50.836009017527104 -10.463067680597305 0
    endloop
  endfacet
  facet normal 0.9987954556765113 0.0490676850885611 0
    outer loop
      vertex 50.82780276179314 -10.197890177369118 0
      vertex 50.836009017527104 -10.36493231356144 1.8
      vertex 50.836009017527104 -10.36493231356144 0
    endloop
  endfacet
  facet normal 0.9951847259245379 0.09801714792067012 0
    outer loop
      vertex 50.81818381637335 -10.100227393209934 0
      vertex 50.82780276179314 -10.197890177369118 1.8
      vertex 50.82780276179314 -10.197890177369118 0
    endloop
  endfacet
  facet normal 0.9891765106172004 0.1467304700571076 0
    outer loop
      vertex 50.79364408493042 -9.934793956577778 0
      vertex 50.81818381637335 -10.100227393209934 1.8
      vertex 50.81818381637335 -10.100227393209934 0
    endloop
  endfacet
  facet normal 0.9807852761810495 0.195090343242464 0
    outer loop
      vertex 50.774498827159405 -9.838544256985188 0
      vertex 50.79364408493042 -9.934793956577778 1.8
      vertex 50.79364408493042 -9.934793956577778 0
    endloop
  endfacet
  facet normal 0.9700312557011476 0.24298016989634164 0
    outer loop
      vertex 50.73386195242405 -9.676312752068043 0
      vertex 50.774498827159405 -9.838544256985188 1.8
      vertex 50.774498827159405 -9.838544256985188 0
    endloop
  endfacet
  facet normal 0.9569403494005316 0.29028463219603684 0
    outer loop
      vertex 50.70537476927042 -9.58240307867527 0
      vertex 50.73386195242405 -9.676312752068043 1.8
      vertex 50.73386195242405 -9.676312752068043 0
    endloop
  endfacet
  facet normal 0.9238795334342761 0.38268343013679645 0
    outer loop
      vertex 50.61147731482983 -9.33427058905363 0
      vertex 50.64903210043907 -9.42493586242199 1.8
      vertex 50.64903210043907 -9.42493586242199 0
    endloop
  endfacet
  facet normal 0.9415440690967737 0.33688984245401327 0
    outer loop
      vertex 50.64903210043907 -9.42493586242199 0
      vertex 50.70537476927042 -9.58240307867527 1.8
      vertex 50.70537476927042 -9.58240307867527 0
    endloop
  endfacet
  facet normal 0.9039892848071485 0.4275551110136101 0
    outer loop
      vertex 50.5399714627862 -9.183084174990654 0
      vertex 50.61147731482983 -9.33427058905363 1.8
      vertex 50.61147731482983 -9.33427058905363 0
    endloop
  endfacet
  facet normal 0.8819212523609624 0.47139675925283125 0
    outer loop
      vertex 50.49371079295874 -9.096536554396152 0
      vertex 50.5399714627862 -9.183084174990654 1.8
      vertex 50.5399714627862 -9.183084174990654 0
    endloop
  endfacet
  facet normal 0.8577286179461323 0.5141027309363547 0
    outer loop
      vertex 50.40773040741682 -8.953086942434311 0
      vertex 50.49371079295874 -9.096536554396152 1.8
      vertex 50.49371079295874 -9.096536554396152 0
    endloop
  endfacet
  facet normal 0.8529681684003693 0.5219629332584061 0
    outer loop
      vertex 50.39813759863377 -8.937410809099674 0
      vertex 50.40773040741682 -8.953086942434311 1.8
      vertex 50.40773040741682 -8.953086942434311 0
    endloop
  endfacet
  facet normal 0.8481358090819003 0.5297788683526272 7.577588584071618e-17
    outer loop
      vertex 46.51713580578566 -2.724221132695675 0
      vertex 50.39813759863377 -8.937410809099674 1.8
      vertex 50.39813759863377 -8.937410809099674 0
    endloop
  endfacet
  facet normal 0 0 -1
    outer loop
      vertex 44.2063405880332 -10.544872969388962 0
      vertex 31.05499999910593 -3.254000000655651 0
      vertex 31.34789321511984 -2.5468932166695595 0
    endloop
  endfacet
  facet normal 0 0 -1
    outer loop
      vertex 44.2063405880332 -10.544872969388962 0
      vertex 31.34789321511984 -2.5468932166695595 0
      vertex 33.64078643113375 -0.2539999932050705 0
    endloop
  endfacet
  facet normal 0 0 -1
    outer loop
      vertex 44.2063405880332 -10.544872969388962 0
      vertex 33.64078643113375 -0.2539999932050705 0
      vertex 44.08321356713772 -0.2540000006556511 0
    endloop
  endfacet
  facet normal 0 0 -1
    outer loop
      vertex 44.2063405880332 -10.544872969388962 0
      vertex 46.37610678315163 -2.5468932166695595 0
      vertex 46.51713580578566 -2.724221132695675 0
    endloop
  endfacet
  facet normal 0 0 -1
    outer loop
      vertex 44.2063405880332 -10.544872969388962 0
      vertex 44.08321356713772 -0.2540000006556511 0
      vertex 46.37610678315163 -2.5468932166695595 0
    endloop
  endfacet
  facet normal -1 0 0
    outer loop
      vertex 31.05499999910593 -7.668000005185604 0
      vertex 31.05499999910593 -3.254000000655651 1.8
      vertex 31.05499999910593 -3.254000000655651 0
    endloop
  endfacet
  facet normal -0.923879534340177 0.382683427949758 0
    outer loop
      vertex 31.05499999910593 -3.254000000655651 0
      vertex 31.34789321511984 -2.5468932166695595 1.8
      vertex 31.34789321511984 -2.5468932166695595 0
    endloop
  endfacet
  facet normal -0.7071067823353923 0.7071067800377029 -5.706372939535763e-17
    outer loop
      vertex 31.34789321511984 -2.5468932166695595 0
      vertex 33.64078643113375 -0.2539999932050705 1.8
      vertex 33.64078643113375 -0.2539999932050705 0
    endloop
  endfacet
  facet normal 0.7071067811865476 0.7071067811865476 -3.8042486325379826e-17
    outer loop
      vertex 44.08321356713772 -0.2540000006556511 0
      vertex 46.37610678315163 -2.5468932166695595 1.8
      vertex 46.37610678315163 -2.5468932166695595 0
    endloop
  endfacet
  facet normal 0.7826596974844854 0.6224498356763328 0
    outer loop
      vertex 46.37610678315163 -2.5468932166695595 0
      vertex 46.51713580578566 -2.724221132695675 1.8
      vertex 46.51713580578566 -2.724221132695675 0
    endloop
  endfacet
  facet normal -0.7071067806139002 -0.707106781759195 0
    outer loop
      vertex 35.947893216609955 -12.975106783211231 0
      vertex 35.947893216609955 -12.975106783211231 1.8
      vertex 31.34789321511984 -8.375106789171696 1.8
    endloop
  endfacet
  facet normal -0.382683427949758 -0.923879534340177 0
    outer loop
      vertex 36.65500000059605 -13.26799999922514 0
      vertex 36.65500000059605 -13.26799999922514 1.8
      vertex 35.947893216609955 -12.975106783211231 1.8
    endloop
  endfacet
  facet normal 0 -1 0
    outer loop
      vertex 41.069000005126 -13.26799999922514 0
      vertex 41.069000005126 -13.26799999922514 1.8
      vertex 36.65500000059605 -13.26799999922514 1.8
    endloop
  endfacet
  facet normal -0.923879534340177 -0.382683427949758 0
    outer loop
      vertex 31.34789321511984 -8.375106789171696 0
      vertex 31.34789321511984 -8.375106789171696 1.8
      vertex 31.05499999910593 -7.668000005185604 1.8
    endloop
  endfacet
  facet normal 0.382683427949758 -0.923879534340177 0
    outer loop
      vertex 41.77610678911209 -12.975106783211231 0
      vertex 41.77610678911209 -12.975106783211231 1.8
      vertex 41.069000005126 -13.26799999922514 1.8
    endloop
  endfacet
  facet normal -0.6634259961742808 -0.7482419044668396 0
    outer loop
      vertex 46.388432368040085 -12.479616805911064 0
      vertex 46.388432368040085 -12.479616805911064 1.8
      vertex 44.2063405880332 -10.544872969388962 1.8
    endloop
  endfacet
  facet normal 0.7071067833543867 -0.7071067790187082 0
    outer loop
      vertex 44.2063405880332 -10.544872969388962 0
      vertex 44.2063405880332 -10.544872969388962 1.8
      vertex 41.77610678911209 -12.975106783211231 1.8
    endloop
  endfacet
  facet normal -0.42755505738956584 -0.9039893101694317 0
    outer loop
      vertex 47.05327065229416 -12.892477333545685 0
      vertex 47.05327065229416 -12.892477333545685 1.8
      vertex 46.9020842307806 -12.820971488952637 1.8
    endloop
  endfacet
  facet normal -0.382683443953035 -0.9238795277114026 0
    outer loop
      vertex 47.14393581390381 -12.930032074451447 0
      vertex 47.14393581390381 -12.930032074451447 1.8
      vertex 47.05327065229416 -12.892477333545685 1.8
    endloop
  endfacet
  facet normal -0.5956993165623518 -0.8032075225289831 0
    outer loop
      vertex 46.59049035549164 -12.63420931249857 0
      vertex 46.59049035549164 -12.63420931249857 1.8
      vertex 46.456159047186375 -12.534582421183586 1.8
    endloop
  endfacet
  facet normal -0.630162218858316 -0.7764635071421991 0
    outer loop
      vertex 46.456159047186375 -12.534582421183586 0
      vertex 46.456159047186375 -12.534582421183586 1.8
      vertex 46.388432368040085 -12.479616805911064 1.8
    endloop
  endfacet
  facet normal -0.5555702507806306 -0.8314696004350052 0
    outer loop
      vertex 46.67208690881729 -12.688730388879776 0
      vertex 46.67208690881729 -12.688730388879776 1.8
      vertex 46.59049035549164 -12.63420931249857 1.8
    endloop
  endfacet
  facet normal -0.514102763711183 -0.8577285983016559 0
    outer loop
      vertex 46.81553652077913 -12.774710781872272 0
      vertex 46.81553652077913 -12.774710781872272 1.8
      vertex 46.67208690881729 -12.688730388879776 1.8
    endloop
  endfacet
  facet normal -0.4713966757474304 -0.8819212969955267 0
    outer loop
      vertex 46.9020842307806 -12.820971488952637 0
      vertex 46.9020842307806 -12.820971488952637 1.8
      vertex 46.81553652077913 -12.774710781872272 1.8
    endloop
  endfacet
  facet normal -0.1950902992644615 -0.9807852849288181 0
    outer loop
      vertex 47.65379395276308 -13.074644088745117 0
      vertex 47.65379395276308 -13.074644088745117 1.8
      vertex 47.55754426807165 -13.055498838424683 1.8
    endloop
  endfacet
  facet normal -0.14673047652309334 -0.989176509658062 0
    outer loop
      vertex 47.81922738194466 -13.099183820188046 0
      vertex 47.81922738194466 -13.099183820188046 1.8
      vertex 47.65379395276308 -13.074644088745117 1.8
    endloop
  endfacet
  facet normal -0.336889896078057 -0.941544049909783 0
    outer loop
      vertex 47.30140302270651 -12.986374750733376 0
      vertex 47.30140302270651 -12.986374750733376 1.8
      vertex 47.14393581390381 -12.930032074451447 1.8
    endloop
  endfacet
  facet normal -0.2902847415729003 -0.9569403162214217 0
    outer loop
      vertex 47.39531275570393 -13.014861963689327 0
      vertex 47.39531275570393 -13.014861963689327 1.8
      vertex 47.30140302270651 -12.986374750733376 1.8
    endloop
  endfacet
  facet normal -0.24298015939615084 -0.9700312583313081 0
    outer loop
      vertex 47.55754426807165 -13.055498838424683 0
      vertex 47.55754426807165 -13.055498838424683 1.8
      vertex 47.39531275570393 -13.014861963689327 1.8
    endloop
  endfacet
  facet normal -0.09801714051489621 -0.9951847266539429 0
    outer loop
      vertex 47.91689017355442 -13.108802765607834 0
      vertex 47.91689017355442 -13.108802765607834 1.8
      vertex 47.81922738194466 -13.099183820188046 1.8
    endloop
  endfacet
  facet normal -0.04906768290526446 -0.9987954557837697 0
    outer loop
      vertex 48.08393231719732 -13.1170090213418 0
      vertex 48.08393231719732 -13.1170090213418 1.8
      vertex 47.91689017355442 -13.108802765607834 1.8
    endloop
  endfacet
  facet normal 0 -1 0
    outer loop
      vertex 48.18206768423319 -13.1170090213418 0
      vertex 48.18206768423319 -13.1170090213418 1.8
      vertex 48.08393231719732 -13.1170090213418 1.8
    endloop
  endfacet
  facet normal 0.0490676850885611 -0.9987954556765113 0
    outer loop
      vertex 48.34910982042551 -13.108802765607834 0
      vertex 48.34910982042551 -13.108802765607834 1.8
      vertex 48.18206768423319 -13.1170090213418 1.8
    endloop
  endfacet
  facet normal 0.09801714792067012 -0.9951847259245379 0
    outer loop
      vertex 48.446772604584694 -13.099183820188046 0
      vertex 48.446772604584694 -13.099183820188046 1.8
      vertex 48.34910982042551 -13.108802765607834 1.8
    endloop
  endfacet
  facet normal 0.1467304700571076 -0.9891765106172004 0
    outer loop
      vertex 48.61220604121685 -13.074644088745117 0
      vertex 48.61220604121685 -13.074644088745117 1.8
      vertex 48.446772604584694 -13.099183820188046 1.8
    endloop
  endfacet
  facet normal 0.19509028473751533 -0.9807852878184069 0
    outer loop
      vertex 48.70845573335886 -13.055498838424683 0
      vertex 48.70845573335886 -13.055498838424683 1.8
      vertex 48.61220604121685 -13.074644088745117 1.8
    endloop
  endfacet
  facet normal 0.24298015939615084 -0.9700312583313081 0
    outer loop
      vertex 48.870687245726586 -13.014861963689327 0
      vertex 48.870687245726586 -13.014861963689327 1.8
      vertex 48.70845573335886 -13.055498838424683 1.8
    endloop
  endfacet
  facet normal 0.2902847415729003 -0.9569403162214217 0
    outer loop
      vertex 48.964596978724 -12.986374750733376 0
      vertex 48.964596978724 -12.986374750733376 1.8
      vertex 48.870687245726586 -13.014861963689327 1.8
    endloop
  endfacet
  facet normal 0.336889896078057 -0.941544049909783 0
    outer loop
      vertex 49.1220641875267 -12.930032074451447 0
      vertex 49.1220641875267 -12.930032074451447 1.8
      vertex 48.964596978724 -12.986374750733376 1.8
    endloop
  endfacet
  facet normal 0.3826834282291699 -0.9238795342244409 0
    outer loop
      vertex 49.212729371488095 -12.892477326095104 0
      vertex 49.212729371488095 -12.892477326095104 1.8
      vertex 49.1220641875267 -12.930032074451447 1.8
    endloop
  endfacet
  facet normal 0.4275550746080923 -0.9039893020256758 0
    outer loop
      vertex 49.36391578555107 -12.820971481502056 0
      vertex 49.36391578555107 -12.820971481502056 1.8
      vertex 49.212729371488095 -12.892477326095104 1.8
    endloop
  endfacet
  facet normal 0.47139674702540346 -0.881921258896659 0
    outer loop
      vertex 49.45046345084906 -12.774710789322853 0
      vertex 49.45046345084906 -12.774710789322853 1.8
      vertex 49.36391578555107 -12.820971481502056 1.8
    endloop
  endfacet
  facet normal 0.5141027440667073 -0.8577286100761021 0
    outer loop
      vertex 49.59391307026148 -12.688730396330357 0
      vertex 49.59391307026148 -12.688730396330357 1.8
      vertex 49.45046345084906 -12.774710789322853 1.8
    endloop
  endfacet
  facet normal 0.5555701980548708 -0.8314696356652307 0
    outer loop
      vertex 49.675509645938874 -12.63420931249857 0
      vertex 49.675509645938874 -12.63420931249857 1.8
      vertex 49.59391307026148 -12.688730396330357 1.8
    endloop
  endfacet
  facet normal 0.5956993165623518 -0.8032075225289831 0
    outer loop
      vertex 49.80984095424414 -12.534582421183586 0
      vertex 49.80984095424414 -12.534582421183586 1.8
      vertex 49.675509645938874 -12.63420931249857 1.8
    endloop
  endfacet
  facet normal 0.6343932927828078 -0.7730104462891731 0
    outer loop
      vertex 49.88570059031248 -12.472326025366783 0
      vertex 49.88570059031248 -12.472326025366783 1.8
      vertex 49.80984095424414 -12.534582421183586 1.8
    endloop
  endfacet
  facet normal 0.6715589523891832 -0.7409511275826113 0
    outer loop
      vertex 50.0096199208498 -12.360012091696262 0
      vertex 50.0096199208498 -12.360012091696262 1.8
      vertex 49.88570059031248 -12.472326025366783 1.8
    endloop
  endfacet
  facet normal 0.7071067811865475 -0.7071067811865475 0
    outer loop
      vertex 50.079012072980404 -12.290619939565659 0
      vertex 50.079012072980404 -12.290619939565659 1.8
      vertex 50.0096199208498 -12.360012091696262 1.8
    endloop
  endfacet
  facet normal 0.7409511074912699 -0.6715589745565614 0
    outer loop
      vertex 50.191326006650925 -12.16670061647892 0
      vertex 50.191326006650925 -12.16670061647892 1.8
      vertex 50.079012072980404 -12.290619939565659 1.8
    endloop
  endfacet
  facet normal 0.7730104434623055 -0.634393296227356 0
    outer loop
      vertex 50.25358243972063 -12.090840935707092 0
      vertex 50.25358243972063 -12.090840935707092 1.8
      vertex 50.191326006650925 -12.16670061647892 1.8
    endloop
  endfacet
  facet normal 0.8032075383376345 -0.5956992952468532 0
    outer loop
      vertex 50.353209331035615 -11.956509619951248 0
      vertex 50.353209331035615 -11.956509619951248 1.8
      vertex 50.25358243972063 -12.090840935707092 1.8
    endloop
  endfacet
  facet normal 0.8314696238687989 -0.55557021570948 0
    outer loop
      vertex 50.40773040741682 -11.874913059175014 0
      vertex 50.40773040741682 -11.874913059175014 1.8
      vertex 50.353209331035615 -11.956509619951248 1.8
    endloop
  endfacet
  facet normal 0.8577286179461323 -0.5141027309363547 0
    outer loop
      vertex 50.49371079295874 -11.731463447213173 0
      vertex 50.49371079295874 -11.731463447213173 1.8
      vertex 50.40773040741682 -11.874913059175014 1.8
    endloop
  endfacet
  facet normal 0.8819212523609624 -0.47139675925283125 0
    outer loop
      vertex 50.5399714627862 -11.644915826618671 0
      vertex 50.5399714627862 -11.644915826618671 1.8
      vertex 50.49371079295874 -11.731463447213173 1.8
    endloop
  endfacet
  facet normal 0.9039892848071485 -0.4275551110136101 0
    outer loop
      vertex 50.61147731482983 -11.493729412555695 0
      vertex 50.61147731482983 -11.493729412555695 1.8
      vertex 50.5399714627862 -11.644915826618671 1.8
    endloop
  endfacet
  facet normal 0.9238795334342761 -0.38268343013679645 0
    outer loop
      vertex 50.64903210043907 -11.403064139187336 0
      vertex 50.64903210043907 -11.403064139187336 1.8
      vertex 50.61147731482983 -11.493729412555695 1.8
    endloop
  endfacet
  facet normal 0.9415440690967737 -0.33688984245401327 0
    outer loop
      vertex 50.70537476927042 -11.245596922934055 0
      vertex 50.70537476927042 -11.245596922934055 1.8
      vertex 50.64903210043907 -11.403064139187336 1.8
    endloop
  endfacet
  facet normal 0.9569403347082142 -0.29028468063012014 0
    outer loop
      vertex 50.73386195987463 -11.151687242090702 0
      vertex 50.73386195987463 -11.151687242090702 1.8
      vertex 50.70537476927042 -11.245596922934055 1.8
    endloop
  endfacet
  facet normal 0.9700312583313081 -0.24298015939615084 0
    outer loop
      vertex 50.774498834609986 -10.989455729722977 0
      vertex 50.774498834609986 -10.989455729722977 1.8
      vertex 50.73386195987463 -11.151687242090702 1.8
    endloop
  endfacet
  facet normal 0.9807852849288181 -0.1950902992644615 0
    outer loop
      vertex 50.79364408493042 -10.893206045031548 0
      vertex 50.79364408493042 -10.893206045031548 1.8
      vertex 50.774498834609986 -10.989455729722977 1.8
    endloop
  endfacet
  facet normal 0.989176509658062 -0.14673047652309334 0
    outer loop
      vertex 50.81818381637335 -10.727772615849972 0
      vertex 50.81818381637335 -10.727772615849972 1.8
      vertex 50.79364408493042 -10.893206045031548 1.8
    endloop
  endfacet
  facet normal 0.9951847266539429 -0.09801714051489621 0
    outer loop
      vertex 50.82780276179314 -10.630109824240208 0
      vertex 50.82780276179314 -10.630109824240208 1.8
      vertex 50.81818381637335 -10.727772615849972 1.8
    endloop
  endfacet
  facet normal 0.9987954557837697 -0.04906768290526446 0
    outer loop
      vertex 50.836009017527104 -10.463067680597305 0
      vertex 50.836009017527104 -10.463067680597305 1.8
      vertex 50.82780276179314 -10.630109824240208 1.8
    endloop
  endfacet
  facet normal 1 0 0
    outer loop
      vertex 50.836009017527104 -10.36493231356144 0
      vertex 50.836009017527104 -10.36493231356144 1.8
      vertex 50.836009017527104 -10.463067680597305 1.8
    endloop
  endfacet
  facet normal 0.9987954556765113 0.0490676850885611 0
    outer loop
      vertex 50.82780276179314 -10.197890177369118 0
      vertex 50.82780276179314 -10.197890177369118 1.8
      vertex 50.836009017527104 -10.36493231356144 1.8
    endloop
  endfacet
  facet normal 0.9951847259245379 0.09801714792067012 0
    outer loop
      vertex 50.81818381637335 -10.100227393209934 0
      vertex 50.81818381637335 -10.100227393209934 1.8
      vertex 50.82780276179314 -10.197890177369118 1.8
    endloop
  endfacet
  facet normal 0.9891765106172004 0.1467304700571076 0
    outer loop
      vertex 50.79364408493042 -9.934793956577778 0
      vertex 50.79364408493042 -9.934793956577778 1.8
      vertex 50.81818381637335 -10.100227393209934 1.8
    endloop
  endfacet
  facet normal 0.9807852761810495 0.195090343242464 0
    outer loop
      vertex 50.774498827159405 -9.838544256985188 0
      vertex 50.774498827159405 -9.838544256985188 1.8
      vertex 50.79364408493042 -9.934793956577778 1.8
    endloop
  endfacet
  facet normal 0.9700312557011476 0.24298016989634164 0
    outer loop
      vertex 50.73386195242405 -9.676312752068043 0
      vertex 50.73386195242405 -9.676312752068043 1.8
      vertex 50.774498827159405 -9.838544256985188 1.8
    endloop
  endfacet
  facet normal 0.9569403494005316 0.29028463219603684 0
    outer loop
      vertex 50.70537476927042 -9.58240307867527 0
      vertex 50.70537476927042 -9.58240307867527 1.8
      vertex 50.73386195242405 -9.676312752068043 1.8
    endloop
  endfacet
  facet normal 0.9415440690967737 0.33688984245401327 0
    outer loop
      vertex 50.64903210043907 -9.42493586242199 0
      vertex 50.64903210043907 -9.42493586242199 1.8
      vertex 50.70537476927042 -9.58240307867527 1.8
    endloop
  endfacet
  facet normal 0.9238795334342761 0.38268343013679645 0
    outer loop
      vertex 50.61147731482983 -9.33427058905363 0
      vertex 50.61147731482983 -9.33427058905363 1.8
      vertex 50.64903210043907 -9.42493586242199 1.8
    endloop
  endfacet
  facet normal 0.9039892848071485 0.4275551110136101 0
    outer loop
      vertex 50.5399714627862 -9.183084174990654 0
      vertex 50.5399714627862 -9.183084174990654 1.8
      vertex 50.61147731482983 -9.33427058905363 1.8
    endloop
  endfacet
  facet normal 0.8819212523609624 0.47139675925283125 0
    outer loop
      vertex 50.49371079295874 -9.096536554396152 0
      vertex 50.49371079295874 -9.096536554396152 1.8
      vertex 50.5399714627862 -9.183084174990654 1.8
    endloop
  endfacet
  facet normal 0.8577286179461323 0.5141027309363547 0
    outer loop
      vertex 50.40773040741682 -8.953086942434311 0
      vertex 50.40773040741682 -8.953086942434311 1.8
      vertex 50.49371079295874 -9.096536554396152 1.8
    endloop
  endfacet
  facet normal 0.8529681684003693 0.5219629332584061 0
    outer loop
      vertex 50.39813759863377 -8.937410809099674 0
      vertex 50.39813759863377 -8.937410809099674 1.8
      vertex 50.40773040741682 -8.953086942434311 1.8
    endloop
  endfacet
  facet normal 0 0 1
    outer loop
      vertex 35.947893216609955 -12.975106783211231 1.8
      vertex 36.65500000059605 -13.26799999922514 1.8
      vertex 44.2063405880332 -10.544872969388962 1.8
    endloop
  endfacet
  facet normal 0 0 1
    outer loop
      vertex 36.65500000059605 -13.26799999922514 1.8
      vertex 41.069000005126 -13.26799999922514 1.8
      vertex 44.2063405880332 -10.544872969388962 1.8
    endloop
  endfacet
  facet normal 0 0 1
    outer loop
      vertex 31.34789321511984 -8.375106789171696 1.8
      vertex 35.947893216609955 -12.975106783211231 1.8
      vertex 44.2063405880332 -10.544872969388962 1.8
    endloop
  endfacet
  facet normal 0 0 1
    outer loop
      vertex 31.05499999910593 -7.668000005185604 1.8
      vertex 31.34789321511984 -8.375106789171696 1.8
      vertex 44.2063405880332 -10.544872969388962 1.8
    endloop
  endfacet
  facet normal 0 0 1
    outer loop
      vertex 31.05499999910593 -3.254000000655651 1.8
      vertex 31.05499999910593 -7.668000005185604 1.8
      vertex 44.2063405880332 -10.544872969388962 1.8
    endloop
  endfacet
  facet normal 0 0 1
    outer loop
      vertex 41.069000005126 -13.26799999922514 1.8
      vertex 41.77610678911209 -12.975106783211231 1.8
      vertex 44.2063405880332 -10.544872969388962 1.8
    endloop
  endfacet
  facet normal 0 0 1
    outer loop
      vertex 50.836009017527104 -10.463067680597305 1.8
      vertex 47.14393581390381 -12.930032074451447 1.8
      vertex 47.30140302270651 -12.986374750733376 1.8
    endloop
  endfacet
  facet normal 0 0 1
    outer loop
      vertex 50.79364408493042 -9.934793956577778 1.8
      vertex 46.9020842307806 -12.820971488952637 1.8
      vertex 47.05327065229416 -12.892477333545685 1.8
    endloop
  endfacet
  facet normal 0 0 1
    outer loop
      vertex 50.79364408493042 -9.934793956577778 1.8
      vertex 46.81553652077913 -12.774710781872272 1.8
      vertex 46.9020842307806 -12.820971488952637 1.8
    endloop
  endfacet
  facet normal 0 0 1
    outer loop
      vertex 50.79364408493042 -9.934793956577778 1.8
      vertex 47.05327065229416 -12.892477333545685 1.8
      vertex 47.14393581390381 -12.930032074451447 1.8
    endloop
  endfacet
  facet normal 0 0 1
    outer loop
      vertex 50.79364408493042 -9.934793956577778 1.8
      vertex 46.67208690881729 -12.688730388879776 1.8
      vertex 46.81553652077913 -12.774710781872272 1.8
    endloop
  endfacet
  facet normal 0 0 1
    outer loop
      vertex 50.70537476927042 -11.245596922934055 1.8
      vertex 47.91689017355442 -13.108802765607834 1.8
      vertex 48.08393231719732 -13.1170090213418 1.8
    endloop
  endfacet
  facet normal 0 0 1
    outer loop
      vertex 50.70537476927042 -11.245596922934055 1.8
      vertex 48.08393231719732 -13.1170090213418 1.8
      vertex 48.18206768423319 -13.1170090213418 1.8
    endloop
  endfacet
  facet normal 0 0 1
    outer loop
      vertex 50.353209331035615 -11.956509619951248 1.8
      vertex 48.870687245726586 -13.014861963689327 1.8
      vertex 48.964596978724 -12.986374750733376 1.8
    endloop
  endfacet
  facet normal 0 0 1
    outer loop
      vertex 50.079012072980404 -12.290619939565659 1.8
      vertex 49.212729371488095 -12.892477326095104 1.8
      vertex 49.36391578555107 -12.820971481502056 1.8
    endloop
  endfacet
  facet normal 0 0 1
    outer loop
      vertex 50.49371079295874 -11.731463447213173 1.8
      vertex 48.446772604584694 -13.099183820188046 1.8
      vertex 48.61220604121685 -13.074644088745117 1.8
    endloop
  endfacet
  facet normal 0 0 1
    outer loop
      vertex 50.49371079295874 -11.731463447213173 1.8
      vertex 48.61220604121685 -13.074644088745117 1.8
      vertex 48.70845573335886 -13.055498838424683 1.8
    endloop
  endfacet
  facet normal 0 0 1
    outer loop
      vertex 50.40773040741682 -11.874913059175014 1.8
      vertex 48.70845573335886 -13.055498838424683 1.8
      vertex 48.870687245726586 -13.014861963689327 1.8
    endloop
  endfacet
  facet normal 0 0 1
    outer loop
      vertex 50.70537476927042 -11.245596922934055 1.8
      vertex 48.18206768423319 -13.1170090213418 1.8
      vertex 48.34910982042551 -13.108802765607834 1.8
    endloop
  endfacet
  facet normal 0 0 1
    outer loop
      vertex 50.70537476927042 -11.245596922934055 1.8
      vertex 48.34910982042551 -13.108802765607834 1.8
      vertex 48.446772604584694 -13.099183820188046 1.8
    endloop
  endfacet
  facet normal 0 0 1
    outer loop
      vertex 50.25358243972063 -12.090840935707092 1.8
      vertex 49.1220641875267 -12.930032074451447 1.8
      vertex 49.212729371488095 -12.892477326095104 1.8
    endloop
  endfacet
  facet normal 0 0 1
    outer loop
      vertex 50.353209331035615 -11.956509619951248 1.8
      vertex 48.964596978724 -12.986374750733376 1.8
      vertex 49.1220641875267 -12.930032074451447 1.8
    endloop
  endfacet
  facet normal 0 0 1
    outer loop
      vertex 50.079012072980404 -12.290619939565659 1.8
      vertex 49.36391578555107 -12.820971481502056 1.8
      vertex 49.45046345084906 -12.774710789322853 1.8
    endloop
  endfacet
  facet normal 0 0 1
    outer loop
      vertex 49.88570059031248 -12.472326025366783 1.8
      vertex 49.45046345084906 -12.774710789322853 1.8
      vertex 49.59391307026148 -12.688730396330357 1.8
    endloop
  endfacet
  facet normal 0 0 1
    outer loop
      vertex 49.88570059031248 -12.472326025366783 1.8
      vertex 49.59391307026148 -12.688730396330357 1.8
      vertex 49.675509645938874 -12.63420931249857 1.8
    endloop
  endfacet
  facet normal 0 0 1
    outer loop
      vertex 49.88570059031248 -12.472326025366783 1.8
      vertex 50.0096199208498 -12.360012091696262 1.8
      vertex 49.45046345084906 -12.774710789322853 1.8
    endloop
  endfacet
  facet normal 0 0 1
    outer loop
      vertex 49.88570059031248 -12.472326025366783 1.8
      vertex 49.675509645938874 -12.63420931249857 1.8
      vertex 49.80984095424414 -12.534582421183586 1.8
    endloop
  endfacet
  facet normal 0 0 1
    outer loop
      vertex 50.0096199208498 -12.360012091696262 1.8
      vertex 50.079012072980404 -12.290619939565659 1.8
      vertex 49.45046345084906 -12.774710789322853 1.8
    endloop
  endfacet
  facet normal 0 0 1
    outer loop
      vertex 50.079012072980404 -12.290619939565659 1.8
      vertex 50.191326006650925 -12.16670061647892 1.8
      vertex 49.212729371488095 -12.892477326095104 1.8
    endloop
  endfacet
  facet normal 0 0 1
    outer loop
      vertex 50.774498834609986 -10.989455729722977 1.8
      vertex 47.65379395276308 -13.074644088745117 1.8
      vertex 47.81922738194466 -13.099183820188046 1.8
    endloop
  endfacet
  facet normal 0 0 1
    outer loop
      vertex 50.774498834609986 -10.989455729722977 1.8
      vertex 47.81922738194466 -13.099183820188046 1.8
      vertex 47.91689017355442 -13.108802765607834 1.8
    endloop
  endfacet
  facet normal 0 0 1
    outer loop
      vertex 50.836009017527104 -10.463067680597305 1.8
      vertex 47.30140302270651 -12.986374750733376 1.8
      vertex 47.39531275570393 -13.014861963689327 1.8
    endloop
  endfacet
  facet normal 0 0 1
    outer loop
      vertex 50.836009017527104 -10.463067680597305 1.8
      vertex 47.39531275570393 -13.014861963689327 1.8
      vertex 47.55754426807165 -13.055498838424683 1.8
    endloop
  endfacet
  facet normal 0 0 1
    outer loop
      vertex 50.836009017527104 -10.463067680597305 1.8
      vertex 47.55754426807165 -13.055498838424683 1.8
      vertex 47.65379395276308 -13.074644088745117 1.8
    endloop
  endfacet
  facet normal 0 0 1
    outer loop
      vertex 50.191326006650925 -12.16670061647892 1.8
      vertex 50.25358243972063 -12.090840935707092 1.8
      vertex 49.212729371488095 -12.892477326095104 1.8
    endloop
  endfacet
  facet normal 0 0 1
    outer loop
      vertex 50.25358243972063 -12.090840935707092 1.8
      vertex 50.353209331035615 -11.956509619951248 1.8
      vertex 49.1220641875267 -12.930032074451447 1.8
    endloop
  endfacet
  facet normal 0 0 1
    outer loop
      vertex 50.353209331035615 -11.956509619951248 1.8
      vertex 50.40773040741682 -11.874913059175014 1.8
      vertex 48.870687245726586 -13.014861963689327 1.8
    endloop
  endfacet
  facet normal 0 0 1
    outer loop
      vertex 50.49371079295874 -11.731463447213173 1.8
      vertex 50.5399714627862 -11.644915826618671 1.8
      vertex 48.446772604584694 -13.099183820188046 1.8
    endloop
  endfacet
  facet normal 0 0 1
    outer loop
      vertex 50.40773040741682 -11.874913059175014 1.8
      vertex 50.49371079295874 -11.731463447213173 1.8
      vertex 48.70845573335886 -13.055498838424683 1.8
    endloop
  endfacet
  facet normal 0 0 1
    outer loop
      vertex 50.5399714627862 -11.644915826618671 1.8
      vertex 50.61147731482983 -11.493729412555695 1.8
      vertex 48.446772604584694 -13.099183820188046 1.8
    endloop
  endfacet
  facet normal 0 0 1
    outer loop
      vertex 50.61147731482983 -11.493729412555695 1.8
      vertex 50.64903210043907 -11.403064139187336 1.8
      vertex 48.446772604584694 -13.099183820188046 1.8
    endloop
  endfacet
  facet normal 0 0 1
    outer loop
      vertex 50.70537476927042 -11.245596922934055 1.8
      vertex 50.73386195987463 -11.151687242090702 1.8
      vertex 47.91689017355442 -13.108802765607834 1.8
    endloop
  endfacet
  facet normal 0 0 1
    outer loop
      vertex 50.64903210043907 -11.403064139187336 1.8
      vertex 50.70537476927042 -11.245596922934055 1.8
      vertex 48.446772604584694 -13.099183820188046 1.8
    endloop
  endfacet
  facet normal 0 0 1
    outer loop
      vertex 50.73386195987463 -11.151687242090702 1.8
      vertex 50.774498834609986 -10.989455729722977 1.8
      vertex 47.91689017355442 -13.108802765607834 1.8
    endloop
  endfacet
  facet normal 0 0 1
    outer loop
      vertex 50.774498834609986 -10.989455729722977 1.8
      vertex 50.79364408493042 -10.893206045031548 1.8
      vertex 47.65379395276308 -13.074644088745117 1.8
    endloop
  endfacet
  facet normal 0 0 1
    outer loop
      vertex 50.40773040741682 -8.953086942434311 1.8
      vertex 46.388432368040085 -12.479616805911064 1.8
      vertex 46.456159047186375 -12.534582421183586 1.8
    endloop
  endfacet
  facet normal 0 0 1
    outer loop
      vertex 50.5399714627862 -9.183084174990654 1.8
      vertex 46.59049035549164 -12.63420931249857 1.8
      vertex 46.67208690881729 -12.688730388879776 1.8
    endloop
  endfacet
  facet normal 0 0 1
    outer loop
      vertex 50.5399714627862 -9.183084174990654 1.8
      vertex 46.456159047186375 -12.534582421183586 1.8
      vertex 46.59049035549164 -12.63420931249857 1.8
    endloop
  endfacet
  facet normal 0 0 1
    outer loop
      vertex 50.39813759863377 -8.937410809099674 1.8
      vertex 44.2063405880332 -10.544872969388962 1.8
      vertex 46.388432368040085 -12.479616805911064 1.8
    endloop
  endfacet
  facet normal 0 0 1
    outer loop
      vertex 50.836009017527104 -10.463067680597305 1.8
      vertex 50.836009017527104 -10.36493231356144 1.8
      vertex 47.14393581390381 -12.930032074451447 1.8
    endloop
  endfacet
  facet normal 0 0 1
    outer loop
      vertex 50.836009017527104 -10.36493231356144 1.8
      vertex 50.82780276179314 -10.197890177369118 1.8
      vertex 47.14393581390381 -12.930032074451447 1.8
    endloop
  endfacet
  facet normal 0 0 1
    outer loop
      vertex 50.82780276179314 -10.197890177369118 1.8
      vertex 50.81818381637335 -10.100227393209934 1.8
      vertex 47.14393581390381 -12.930032074451447 1.8
    endloop
  endfacet
  facet normal 0 0 1
    outer loop
      vertex 50.81818381637335 -10.100227393209934 1.8
      vertex 50.79364408493042 -9.934793956577778 1.8
      vertex 47.14393581390381 -12.930032074451447 1.8
    endloop
  endfacet
  facet normal 0 0 1
    outer loop
      vertex 50.79364408493042 -9.934793956577778 1.8
      vertex 50.774498827159405 -9.838544256985188 1.8
      vertex 46.67208690881729 -12.688730388879776 1.8
    endloop
  endfacet
  facet normal 0 0 1
    outer loop
      vertex 50.79364408493042 -10.893206045031548 1.8
      vertex 50.81818381637335 -10.727772615849972 1.8
      vertex 47.65379395276308 -13.074644088745117 1.8
    endloop
  endfacet
  facet normal 0 0 1
    outer loop
      vertex 50.81818381637335 -10.727772615849972 1.8
      vertex 50.82780276179314 -10.630109824240208 1.8
      vertex 47.65379395276308 -13.074644088745117 1.8
    endloop
  endfacet
  facet normal 0 0 1
    outer loop
      vertex 50.82780276179314 -10.630109824240208 1.8
      vertex 50.836009017527104 -10.463067680597305 1.8
      vertex 47.65379395276308 -13.074644088745117 1.8
    endloop
  endfacet
  facet normal 0 0 1
    outer loop
      vertex 50.774498827159405 -9.838544256985188 1.8
      vertex 50.73386195242405 -9.676312752068043 1.8
      vertex 46.67208690881729 -12.688730388879776 1.8
    endloop
  endfacet
  facet normal 0 0 1
    outer loop
      vertex 50.73386195242405 -9.676312752068043 1.8
      vertex 50.70537476927042 -9.58240307867527 1.8
      vertex 46.67208690881729 -12.688730388879776 1.8
    endloop
  endfacet
  facet normal 0 0 1
    outer loop
      vertex 50.70537476927042 -9.58240307867527 1.8
      vertex 50.64903210043907 -9.42493586242199 1.8
      vertex 46.67208690881729 -12.688730388879776 1.8
    endloop
  endfacet
  facet normal 0 0 1
    outer loop
      vertex 50.64903210043907 -9.42493586242199 1.8
      vertex 50.61147731482983 -9.33427058905363 1.8
      vertex 46.67208690881729 -12.688730388879776 1.8
    endloop
  endfacet
  facet normal 0 0 1
    outer loop
      vertex 50.61147731482983 -9.33427058905363 1.8
      vertex 50.5399714627862 -9.183084174990654 1.8
      vertex 46.67208690881729 -12.688730388879776 1.8
    endloop
  endfacet
  facet normal 0 0 1
    outer loop
      vertex 50.40773040741682 -8.953086942434311 1.8
      vertex 50.39813759863377 -8.937410809099674 1.8
      vertex 46.388432368040085 -12.479616805911064 1.8
    endloop
  endfacet
  facet normal 0 0 1
    outer loop
      vertex 50.5399714627862 -9.183084174990654 1.8
      vertex 50.49371079295874 -9.096536554396152 1.8
      vertex 46.456159047186375 -12.534582421183586 1.8
    endloop
  endfacet
  facet normal 0 0 1
    outer loop
      vertex 50.49371079295874 -9.096536554396152 1.8
      vertex 50.40773040741682 -8.953086942434311 1.8
      vertex 46.456159047186375 -12.534582421183586 1.8
    endloop
  endfacet
  facet normal 0 0 1
    outer loop
      vertex 50.39813759863377 -8.937410809099674 1.8
      vertex 46.51713580578566 -2.724221132695675 1.8
      vertex 44.2063405880332 -10.544872969388962 1.8
    endloop
  endfacet
  facet normal -1 0 0
    outer loop
      vertex 31.05499999910593 -7.668000005185604 0
      vertex 31.05499999910593 -7.668000005185604 1.8
      vertex 31.05499999910593 -3.254000000655651 1.8
    endloop
  endfacet
  facet normal -0.923879534340177 0.382683427949758 0
    outer loop
      vertex 31.05499999910593 -3.254000000655651 0
      vertex 31.05499999910593 -3.254000000655651 1.8
      vertex 31.34789321511984 -2.5468932166695595 1.8
    endloop
  endfacet
  facet normal -0.7071067823353923 0.7071067800377029 0
    outer loop
      vertex 31.34789321511984 -2.5468932166695595 0
      vertex 31.34789321511984 -2.5468932166695595 1.8
      vertex 33.64078643113375 -0.2539999932050705 1.8
    endloop
  endfacet
  facet normal 0.8481358090819003 0.5297788683526272 0
    outer loop
      vertex 46.51713580578566 -2.724221132695675 0
      vertex 46.51713580578566 -2.724221132695675 1.8
      vertex 50.39813759863377 -8.937410809099674 1.8
    endloop
  endfacet
  facet normal 0.7071067811865476 0.7071067811865476 0
    outer loop
      vertex 44.08321356713772 -0.2540000006556511 0
      vertex 44.08321356713772 -0.2540000006556511 1.8
      vertex 46.37610678315163 -2.5468932166695595 1.8
    endloop
  endfacet
  facet normal 0.7826596974844854 0.6224498356763328 0
    outer loop
      vertex 46.37610678315163 -2.5468932166695595 0
      vertex 46.37610678315163 -2.5468932166695595 1.8
      vertex 46.51713580578566 -2.724221132695675 1.8
    endloop
  endfacet
  facet normal 0 0 1
    outer loop
      vertex 31.34789321511984 -2.5468932166695595 1.8
      vertex 31.05499999910593 -3.254000000655651 1.8
      vertex 44.2063405880332 -10.544872969388962 1.8
    endloop
  endfacet
  facet normal 0 0 1
    outer loop
      vertex 33.64078643113375 -0.2539999932050705 1.8
      vertex 31.34789321511984 -2.5468932166695595 1.8
      vertex 44.2063405880332 -10.544872969388962 1.8
    endloop
  endfacet
  facet normal 0 0 1
    outer loop
      vertex 44.08321356713772 -0.2540000006556511 1.8
      vertex 33.64078643113375 -0.2539999932050705 1.8
      vertex 44.2063405880332 -10.544872969388962 1.8
    endloop
  endfacet
  facet normal 0 0 1
    outer loop
      vertex 46.51713580578566 -2.724221132695675 1.8
      vertex 46.37610678315163 -2.5468932166695595 1.8
      vertex 44.2063405880332 -10.544872969388962 1.8
    endloop
  endfacet
  facet normal 0 0 1
    outer loop
      vertex 46.37610678315163 -2.5468932166695595 1.8
      vertex 44.08321356713772 -0.2540000006556511 1.8
      vertex 44.2063405880332 -10.544872969388962 1.8
    endloop
  endfacet
  facet normal 0 0 -1
    outer loop
      vertex 33.64078643113375 -0.2539999932050705 0
      vertex 31.34789321511984 2.0388932153582573 0
      vertex 31.05499999910593 2.745999999344349 0
    endloop
  endfacet
  facet normal 0 0 -1
    outer loop
      vertex 33.64078643113375 -0.2539999932050705 0
      vertex 31.05499999910593 2.745999999344349 0
      vertex 31.05499999910593 7.413999997079372 0
    endloop
  endfacet
  facet normal 0 0 -1
    outer loop
      vertex 33.64078643113375 -0.2539999932050705 0
      vertex 31.05499999910593 7.413999997079372 0
      vertex 31.34789321511984 8.121106781065464 0
    endloop
  endfacet
  facet normal 0 0 -1
    outer loop
      vertex 33.64078643113375 -0.2539999932050705 0
      vertex 46.37610678315163 2.0388932153582573 0
      vertex 44.08321356713772 -0.2540000006556511 0
    endloop
  endfacet
  facet normal 0 0 -1
    outer loop
      vertex 33.64078643113375 -0.2539999932050705 0
      vertex 46.668999999165536 2.745999999344349 0
      vertex 46.37610678315163 2.0388932153582573 0
    endloop
  endfacet
  facet normal 0 0 -1
    outer loop
      vertex 33.64078643113375 -0.2539999932050705 0
      vertex 46.668999999165536 7.413999997079372 0
      vertex 46.668999999165536 2.745999999344349 0
    endloop
  endfacet
  facet normal 0 0 -1
    outer loop
      vertex 33.64078643113375 -0.2539999932050705 0
      vertex 46.37610678315163 8.121106781065464 0
      vertex 46.668999999165536 7.413999997079372 0
    endloop
  endfacet
  facet normal -0.707106780037703 -0.7071067823353921 1.902124319359395e-17
    outer loop
      vertex 33.64078643113375 -0.2539999932050705 0
      vertex 31.34789321511984 2.0388932153582573 1.8
      vertex 31.34789321511984 2.0388932153582573 0
    endloop
  endfacet
  facet normal -0.923879534340177 -0.382683427949758 0
    outer loop
      vertex 31.34789321511984 2.0388932153582573 0
      vertex 31.05499999910593 2.745999999344349 1.8
      vertex 31.05499999910593 2.745999999344349 0
    endloop
  endfacet
  facet normal -1 0 0
    outer loop
      vertex 31.05499999910593 2.745999999344349 0
      vertex 31.05499999910593 7.413999997079372 1.8
      vertex 31.05499999910593 7.413999997079372 0
    endloop
  endfacet
  facet normal 0.7071067811865476 -0.7071067811865476 3.8042486325379826e-17
    outer loop
      vertex 46.37610678315163 2.0388932153582573 0
      vertex 44.08321356713772 -0.2540000006556511 1.8
      vertex 44.08321356713772 -0.2540000006556511 0
    endloop
  endfacet
  facet normal 0.923879534340177 -0.382683427949758 0
    outer loop
      vertex 46.668999999165536 2.745999999344349 0
      vertex 46.37610678315163 2.0388932153582573 1.8
      vertex 46.37610678315163 2.0388932153582573 0
    endloop
  endfacet
  facet normal 1 0 0
    outer loop
      vertex 46.668999999165536 7.413999997079372 0
      vertex 46.668999999165536 2.745999999344349 1.8
      vertex 46.668999999165536 2.745999999344349 0
    endloop
  endfacet
  facet normal 0 0 -1
    outer loop
      vertex 33.64078643113375 -0.2539999932050705 0
      vertex 31.34789321511984 8.121106781065464 0
      vertex 35.947893216609955 12.72110678255558 0
    endloop
  endfacet
  facet normal 0 0 -1
    outer loop
      vertex 33.64078643113375 -0.2539999932050705 0
      vertex 35.947893216609955 12.72110678255558 0
      vertex 36.65500000059605 13.013999998569489 0
    endloop
  endfacet
  facet normal 0 0 -1
    outer loop
      vertex 33.64078643113375 -0.2539999932050705 0
      vertex 41.77610678911209 12.72110678255558 0
      vertex 46.37610678315163 8.121106781065464 0
    endloop
  endfacet
  facet normal 0 0 -1
    outer loop
      vertex 33.64078643113375 -0.2539999932050705 0
      vertex 36.65500000059605 13.013999998569489 0
      vertex 41.069000005126 13.013999998569489 0
    endloop
  endfacet
  facet normal 0 0 -1
    outer loop
      vertex 33.64078643113375 -0.2539999932050705 0
      vertex 41.069000005126 13.013999998569489 0
      vertex 41.77610678911209 12.72110678255558 0
    endloop
  endfacet
  facet normal -0.923879534340177 0.382683427949758 0
    outer loop
      vertex 31.05499999910593 7.413999997079372 0
      vertex 31.34789321511984 8.121106781065464 1.8
      vertex 31.34789321511984 8.121106781065464 0
    endloop
  endfacet
  facet normal -0.7071067811865475 0.7071067811865475 -1.0903419848438625e-16
    outer loop
      vertex 31.34789321511984 8.121106781065464 0
      vertex 35.947893216609955 12.72110678255558 1.8
      vertex 35.947893216609955 12.72110678255558 0
    endloop
  endfacet
  facet normal -0.382683427949758 0.923879534340177 0
    outer loop
      vertex 35.947893216609955 12.72110678255558 0
      vertex 36.65500000059605 13.013999998569489 1.8
      vertex 36.65500000059605 13.013999998569489 0
    endloop
  endfacet
  facet normal 0 1 0
    outer loop
      vertex 36.65500000059605 13.013999998569489 0
      vertex 41.069000005126 13.013999998569489 1.8
      vertex 41.069000005126 13.013999998569489 0
    endloop
  endfacet
  facet normal 0.707106781759195 0.7071067806139002 -1.3273728521892345e-16
    outer loop
      vertex 41.77610678911209 12.72110678255558 0
      vertex 46.37610678315163 8.121106781065464 1.8
      vertex 46.37610678315163 8.121106781065464 0
    endloop
  endfacet
  facet normal 0.923879534340177 0.382683427949758 0
    outer loop
      vertex 46.37610678315163 8.121106781065464 0
      vertex 46.668999999165536 7.413999997079372 1.8
      vertex 46.668999999165536 7.413999997079372 0
    endloop
  endfacet
  facet normal 0.382683427949758 0.923879534340177 0
    outer loop
      vertex 41.069000005126 13.013999998569489 0
      vertex 41.77610678911209 12.72110678255558 1.8
      vertex 41.77610678911209 12.72110678255558 0
    endloop
  endfacet
  facet normal -0.707106780037703 -0.7071067823353921 0
    outer loop
      vertex 33.64078643113375 -0.2539999932050705 0
      vertex 33.64078643113375 -0.2539999932050705 1.8
      vertex 31.34789321511984 2.0388932153582573 1.8
    endloop
  endfacet
  facet normal -0.923879534340177 -0.382683427949758 0
    outer loop
      vertex 31.34789321511984 2.0388932153582573 0
      vertex 31.34789321511984 2.0388932153582573 1.8
      vertex 31.05499999910593 2.745999999344349 1.8
    endloop
  endfacet
  facet normal -1 0 0
    outer loop
      vertex 31.05499999910593 2.745999999344349 0
      vertex 31.05499999910593 2.745999999344349 1.8
      vertex 31.05499999910593 7.413999997079372 1.8
    endloop
  endfacet
  facet normal 0.7071067811865476 -0.7071067811865476 0
    outer loop
      vertex 46.37610678315163 2.0388932153582573 0
      vertex 46.37610678315163 2.0388932153582573 1.8
      vertex 44.08321356713772 -0.2540000006556511 1.8
    endloop
  endfacet
  facet normal 0.923879534340177 -0.382683427949758 0
    outer loop
      vertex 46.668999999165536 2.745999999344349 0
      vertex 46.668999999165536 2.745999999344349 1.8
      vertex 46.37610678315163 2.0388932153582573 1.8
    endloop
  endfacet
  facet normal 1 0 0
    outer loop
      vertex 46.668999999165536 7.413999997079372 0
      vertex 46.668999999165536 7.413999997079372 1.8
      vertex 46.668999999165536 2.745999999344349 1.8
    endloop
  endfacet
  facet normal 0 0 1
    outer loop
      vertex 31.05499999910593 2.745999999344349 1.8
      vertex 31.34789321511984 2.0388932153582573 1.8
      vertex 33.64078643113375 -0.2539999932050705 1.8
    endloop
  endfacet
  facet normal 0 0 1
    outer loop
      vertex 31.05499999910593 7.413999997079372 1.8
      vertex 31.05499999910593 2.745999999344349 1.8
      vertex 33.64078643113375 -0.2539999932050705 1.8
    endloop
  endfacet
  facet normal 0 0 1
    outer loop
      vertex 31.34789321511984 8.121106781065464 1.8
      vertex 31.05499999910593 7.413999997079372 1.8
      vertex 33.64078643113375 -0.2539999932050705 1.8
    endloop
  endfacet
  facet normal 0 0 1
    outer loop
      vertex 44.08321356713772 -0.2540000006556511 1.8
      vertex 46.37610678315163 2.0388932153582573 1.8
      vertex 33.64078643113375 -0.2539999932050705 1.8
    endloop
  endfacet
  facet normal 0 0 1
    outer loop
      vertex 46.37610678315163 2.0388932153582573 1.8
      vertex 46.668999999165536 2.745999999344349 1.8
      vertex 33.64078643113375 -0.2539999932050705 1.8
    endloop
  endfacet
  facet normal 0 0 1
    outer loop
      vertex 46.668999999165536 2.745999999344349 1.8
      vertex 46.668999999165536 7.413999997079372 1.8
      vertex 33.64078643113375 -0.2539999932050705 1.8
    endloop
  endfacet
  facet normal 0 0 1
    outer loop
      vertex 46.668999999165536 7.413999997079372 1.8
      vertex 46.37610678315163 8.121106781065464 1.8
      vertex 33.64078643113375 -0.2539999932050705 1.8
    endloop
  endfacet
  facet normal -0.923879534340177 0.382683427949758 0
    outer loop
      vertex 31.05499999910593 7.413999997079372 0
      vertex 31.05499999910593 7.413999997079372 1.8
      vertex 31.34789321511984 8.121106781065464 1.8
    endloop
  endfacet
  facet normal -0.7071067811865475 0.7071067811865475 0
    outer loop
      vertex 31.34789321511984 8.121106781065464 0
      vertex 31.34789321511984 8.121106781065464 1.8
      vertex 35.947893216609955 12.72110678255558 1.8
    endloop
  endfacet
  facet normal -0.382683427949758 0.923879534340177 0
    outer loop
      vertex 35.947893216609955 12.72110678255558 0
      vertex 35.947893216609955 12.72110678255558 1.8
      vertex 36.65500000059605 13.013999998569489 1.8
    endloop
  endfacet
  facet normal 0 1 0
    outer loop
      vertex 36.65500000059605 13.013999998569489 0
      vertex 36.65500000059605 13.013999998569489 1.8
      vertex 41.069000005126 13.013999998569489 1.8
    endloop
  endfacet
  facet normal 0.923879534340177 0.382683427949758 0
    outer loop
      vertex 46.37610678315163 8.121106781065464 0
      vertex 46.37610678315163 8.121106781065464 1.8
      vertex 46.668999999165536 7.413999997079372 1.8
    endloop
  endfacet
  facet normal 0.707106781759195 0.7071067806139002 0
    outer loop
      vertex 41.77610678911209 12.72110678255558 0
      vertex 41.77610678911209 12.72110678255558 1.8
      vertex 46.37610678315163 8.121106781065464 1.8
    endloop
  endfacet
  facet normal 0.382683427949758 0.923879534340177 0
    outer loop
      vertex 41.069000005126 13.013999998569489 0
      vertex 41.069000005126 13.013999998569489 1.8
      vertex 41.77610678911209 12.72110678255558 1.8
    endloop
  endfacet
  facet normal 0 0 1
    outer loop
      vertex 35.947893216609955 12.72110678255558 1.8
      vertex 31.34789321511984 8.121106781065464 1.8
      vertex 33.64078643113375 -0.2539999932050705 1.8
    endloop
  endfacet
  facet normal 0 0 1
    outer loop
      vertex 36.65500000059605 13.013999998569489 1.8
      vertex 35.947893216609955 12.72110678255558 1.8
      vertex 33.64078643113375 -0.2539999932050705 1.8
    endloop
  endfacet
  facet normal 0 0 1
    outer loop
      vertex 46.37610678315163 8.121106781065464 1.8
      vertex 41.77610678911209 12.72110678255558 1.8
      vertex 33.64078643113375 -0.2539999932050705 1.8
    endloop
  endfacet
  facet normal 0 0 1
    outer loop
      vertex 41.069000005126 13.013999998569489 1.8
      vertex 36.65500000059605 13.013999998569489 1.8
      vertex 33.64078643113375 -0.2539999932050705 1.8
    endloop
  endfacet
  facet normal 0 0 1
    outer loop
      vertex 41.77610678911209 12.72110678255558 1.8
      vertex 41.069000005126 13.013999998569489 1.8
      vertex 33.64078643113375 -0.2539999932050705 1.8
    endloop
  endfacet
  facet normal 0 0 -1
    outer loop
      vertex 64.52634058803321 -10.544872969388962 0
      vertex 56.97500000059605 -13.26799999922514 0
      vertex 56.267893216609956 -12.975106783211231 0
    endloop
  endfacet
  facet normal 0 0 -1
    outer loop
      vertex 64.52634058803321 -10.544872969388962 0
      vertex 61.389000005126 -13.26799999922514 0
      vertex 56.97500000059605 -13.26799999922514 0
    endloop
  endfacet
  facet normal 0 0 -1
    outer loop
      vertex 64.52634058803321 -10.544872969388962 0
      vertex 56.267893216609956 -12.975106783211231 0
      vertex 51.66789321511984 -8.375106789171696 0
    endloop
  endfacet
  facet normal 0 0 -1
    outer loop
      vertex 64.52634058803321 -10.544872969388962 0
      vertex 51.66789321511984 -8.375106789171696 0
      vertex 51.37499999910593 -7.668000005185604 0
    endloop
  endfacet
  facet normal 0 0 -1
    outer loop
      vertex 64.52634058803321 -10.544872969388962 0
      vertex 51.37499999910593 -7.668000005185604 0
      vertex 51.37499999910593 -3.254000000655651 0
    endloop
  endfacet
  facet normal 0 0 -1
    outer loop
      vertex 64.52634058803321 -10.544872969388962 0
      vertex 62.09610678911209 -12.975106783211231 0
      vertex 61.389000005126 -13.26799999922514 0
    endloop
  endfacet
  facet normal 0 0 -1
    outer loop
      vertex 67.37327065229417 -12.892477333545685 0
      vertex 67.22208423078061 -12.820971488952637 0
      vertex 71.11364408493043 -9.934793956577778 0
    endloop
  endfacet
  facet normal 0 0 -1
    outer loop
      vertex 67.22208423078061 -12.820971488952637 0
      vertex 67.13553652077914 -12.774710781872272 0
      vertex 71.11364408493043 -9.934793956577778 0
    endloop
  endfacet
  facet normal 0 0 -1
    outer loop
      vertex 67.13553652077914 -12.774710781872272 0
      vertex 66.9920869088173 -12.688730388879776 0
      vertex 71.11364408493043 -9.934793956577778 0
    endloop
  endfacet
  facet normal 0 0 -1
    outer loop
      vertex 68.40393231719733 -13.1170090213418 0
      vertex 68.23689017355443 -13.108802765607834 0
      vertex 71.02537476927043 -11.245596922934055 0
    endloop
  endfacet
  facet normal 0 0 -1
    outer loop
      vertex 69.28459697872401 -12.986374750733376 0
      vertex 69.1906872457266 -13.014861963689327 0
      vertex 70.67320933103562 -11.956509619951248 0
    endloop
  endfacet
  facet normal 0 0 -1
    outer loop
      vertex 69.68391578555108 -12.820971481502056 0
      vertex 69.5327293714881 -12.892477326095104 0
      vertex 70.39901207298041 -12.290619939565659 0
    endloop
  endfacet
  facet normal 0 0 -1
    outer loop
      vertex 68.93220604121686 -13.074644088745117 0
      vertex 68.7667726045847 -13.099183820188046 0
      vertex 70.81371079295874 -11.731463447213173 0
    endloop
  endfacet
  facet normal 0 0 -1
    outer loop
      vertex 68.5020676842332 -13.1170090213418 0
      vertex 68.40393231719733 -13.1170090213418 0
      vertex 71.02537476927043 -11.245596922934055 0
    endloop
  endfacet
  facet normal 0 0 -1
    outer loop
      vertex 68.66910982042552 -13.108802765607834 0
      vertex 68.5020676842332 -13.1170090213418 0
      vertex 71.02537476927043 -11.245596922934055 0
    endloop
  endfacet
  facet normal 0 0 -1
    outer loop
      vertex 68.7667726045847 -13.099183820188046 0
      vertex 68.66910982042552 -13.108802765607834 0
      vertex 71.02537476927043 -11.245596922934055 0
    endloop
  endfacet
  facet normal 0 0 -1
    outer loop
      vertex 69.1906872457266 -13.014861963689327 0
      vertex 69.02845573335887 -13.055498838424683 0
      vertex 70.72773040741683 -11.874913059175014 0
    endloop
  endfacet
  facet normal 0 0 -1
    outer loop
      vertex 69.02845573335887 -13.055498838424683 0
      vertex 68.93220604121686 -13.074644088745117 0
      vertex 70.81371079295874 -11.731463447213173 0
    endloop
  endfacet
  facet normal 0 0 -1
    outer loop
      vertex 69.44206418752671 -12.930032074451447 0
      vertex 69.28459697872401 -12.986374750733376 0
      vertex 70.67320933103562 -11.956509619951248 0
    endloop
  endfacet
  facet normal 0 0 -1
    outer loop
      vertex 69.5327293714881 -12.892477326095104 0
      vertex 69.44206418752671 -12.930032074451447 0
      vertex 70.57358243972064 -12.090840935707092 0
    endloop
  endfacet
  facet normal 0 0 -1
    outer loop
      vertex 69.77046345084906 -12.774710789322853 0
      vertex 69.68391578555108 -12.820971481502056 0
      vertex 70.39901207298041 -12.290619939565659 0
    endloop
  endfacet
  facet normal 0 0 -1
    outer loop
      vertex 69.91391307026149 -12.688730396330357 0
      vertex 69.77046345084906 -12.774710789322853 0
      vertex 70.20570059031249 -12.472326025366783 0
    endloop
  endfacet
  facet normal 0 0 -1
    outer loop
      vertex 69.99550964593888 -12.63420931249857 0
      vertex 69.91391307026149 -12.688730396330357 0
      vertex 70.20570059031249 -12.472326025366783 0
    endloop
  endfacet
  facet normal 0 0 -1
    outer loop
      vertex 69.77046345084906 -12.774710789322853 0
      vertex 70.32961992084981 -12.360012091696262 0
      vertex 70.20570059031249 -12.472326025366783 0
    endloop
  endfacet
  facet normal 0 0 -1
    outer loop
      vertex 70.12984095424414 -12.534582421183586 0
      vertex 69.99550964593888 -12.63420931249857 0
      vertex 70.20570059031249 -12.472326025366783 0
    endloop
  endfacet
  facet normal 0 0 -1
    outer loop
      vertex 69.77046345084906 -12.774710789322853 0
      vertex 70.39901207298041 -12.290619939565659 0
      vertex 70.32961992084981 -12.360012091696262 0
    endloop
  endfacet
  facet normal 0 0 -1
    outer loop
      vertex 69.5327293714881 -12.892477326095104 0
      vertex 70.51132600665093 -12.16670061647892 0
      vertex 70.39901207298041 -12.290619939565659 0
    endloop
  endfacet
  facet normal 0 0 -1
    outer loop
      vertex 68.13922738194466 -13.099183820188046 0
      vertex 67.97379395276309 -13.074644088745117 0
      vertex 71.09449883461 -10.989455729722977 0
    endloop
  endfacet
  facet normal 0 0 -1
    outer loop
      vertex 68.23689017355443 -13.108802765607834 0
      vertex 68.13922738194466 -13.099183820188046 0
      vertex 71.09449883461 -10.989455729722977 0
    endloop
  endfacet
  facet normal 0 0 -1
    outer loop
      vertex 67.71531275570393 -13.014861963689327 0
      vertex 67.62140302270652 -12.986374750733376 0
      vertex 71.15600901752711 -10.463067680597305 0
    endloop
  endfacet
  facet normal 0 0 -1
    outer loop
      vertex 67.87754426807166 -13.055498838424683 0
      vertex 67.71531275570393 -13.014861963689327 0
      vertex 71.15600901752711 -10.463067680597305 0
    endloop
  endfacet
  facet normal 0 0 -1
    outer loop
      vertex 67.62140302270652 -12.986374750733376 0
      vertex 67.46393581390382 -12.930032074451447 0
      vertex 71.15600901752711 -10.463067680597305 0
    endloop
  endfacet
  facet normal 0 0 -1
    outer loop
      vertex 67.97379395276309 -13.074644088745117 0
      vertex 67.87754426807166 -13.055498838424683 0
      vertex 71.15600901752711 -10.463067680597305 0
    endloop
  endfacet
  facet normal 0 0 -1
    outer loop
      vertex 67.46393581390382 -12.930032074451447 0
      vertex 67.37327065229417 -12.892477333545685 0
      vertex 71.11364408493043 -9.934793956577778 0
    endloop
  endfacet
  facet normal 0 0 -1
    outer loop
      vertex 69.5327293714881 -12.892477326095104 0
      vertex 70.57358243972064 -12.090840935707092 0
      vertex 70.51132600665093 -12.16670061647892 0
    endloop
  endfacet
  facet normal 0 0 -1
    outer loop
      vertex 69.1906872457266 -13.014861963689327 0
      vertex 70.72773040741683 -11.874913059175014 0
      vertex 70.67320933103562 -11.956509619951248 0
    endloop
  endfacet
  facet normal 0 0 -1
    outer loop
      vertex 69.44206418752671 -12.930032074451447 0
      vertex 70.67320933103562 -11.956509619951248 0
      vertex 70.57358243972064 -12.090840935707092 0
    endloop
  endfacet
  facet normal 0 0 -1
    outer loop
      vertex 69.02845573335887 -13.055498838424683 0
      vertex 70.81371079295874 -11.731463447213173 0
      vertex 70.72773040741683 -11.874913059175014 0
    endloop
  endfacet
  facet normal 0 0 -1
    outer loop
      vertex 68.7667726045847 -13.099183820188046 0
      vertex 70.8599714627862 -11.644915826618671 0
      vertex 70.81371079295874 -11.731463447213173 0
    endloop
  endfacet
  facet normal 0 0 -1
    outer loop
      vertex 68.7667726045847 -13.099183820188046 0
      vertex 70.93147731482983 -11.493729412555695 0
      vertex 70.8599714627862 -11.644915826618671 0
    endloop
  endfacet
  facet normal 0 0 -1
    outer loop
      vertex 68.23689017355443 -13.108802765607834 0
      vertex 71.05386195987464 -11.151687242090702 0
      vertex 71.02537476927043 -11.245596922934055 0
    endloop
  endfacet
  facet normal 0 0 -1
    outer loop
      vertex 68.7667726045847 -13.099183820188046 0
      vertex 70.96903210043908 -11.403064139187336 0
      vertex 70.93147731482983 -11.493729412555695 0
    endloop
  endfacet
  facet normal 0 0 -1
    outer loop
      vertex 68.7667726045847 -13.099183820188046 0
      vertex 71.02537476927043 -11.245596922934055 0
      vertex 70.96903210043908 -11.403064139187336 0
    endloop
  endfacet
  facet normal 0 0 -1
    outer loop
      vertex 68.23689017355443 -13.108802765607834 0
      vertex 71.09449883461 -10.989455729722977 0
      vertex 71.05386195987464 -11.151687242090702 0
    endloop
  endfacet
  facet normal 0 0 -1
    outer loop
      vertex 67.97379395276309 -13.074644088745117 0
      vertex 71.11364408493043 -10.893206045031548 0
      vertex 71.09449883461 -10.989455729722977 0
    endloop
  endfacet
  facet normal 0 0 -1
    outer loop
      vertex 66.9920869088173 -12.688730388879776 0
      vertex 66.91049035549165 -12.63420931249857 0
      vertex 70.8599714627862 -9.183084174990654 0
    endloop
  endfacet
  facet normal 0 0 -1
    outer loop
      vertex 66.91049035549165 -12.63420931249857 0
      vertex 66.77615904718638 -12.534582421183586 0
      vertex 70.8599714627862 -9.183084174990654 0
    endloop
  endfacet
  facet normal 0 0 -1
    outer loop
      vertex 66.77615904718638 -12.534582421183586 0
      vertex 66.70843236804009 -12.479616805911064 0
      vertex 70.72773040741683 -8.953086942434311 0
    endloop
  endfacet
  facet normal 0 0 -1
    outer loop
      vertex 66.70843236804009 -12.479616805911064 0
      vertex 64.52634058803321 -10.544872969388962 0
      vertex 70.71813759863377 -8.937410809099674 0
    endloop
  endfacet
  facet normal 0 0 -1
    outer loop
      vertex 66.9920869088173 -12.688730388879776 0
      vertex 71.09449882715941 -9.838544256985188 0
      vertex 71.11364408493043 -9.934793956577778 0
    endloop
  endfacet
  facet normal 0 0 -1
    outer loop
      vertex 67.97379395276309 -13.074644088745117 0
      vertex 71.13818381637336 -10.727772615849972 0
      vertex 71.11364408493043 -10.893206045031548 0
    endloop
  endfacet
  facet normal 0 0 -1
    outer loop
      vertex 67.97379395276309 -13.074644088745117 0
      vertex 71.14780276179314 -10.630109824240208 0
      vertex 71.13818381637336 -10.727772615849972 0
    endloop
  endfacet
  facet normal 0 0 -1
    outer loop
      vertex 67.97379395276309 -13.074644088745117 0
      vertex 71.15600901752711 -10.463067680597305 0
      vertex 71.14780276179314 -10.630109824240208 0
    endloop
  endfacet
  facet normal 0 0 -1
    outer loop
      vertex 67.46393581390382 -12.930032074451447 0
      vertex 71.15600901752711 -10.36493231356144 0
      vertex 71.15600901752711 -10.463067680597305 0
    endloop
  endfacet
  facet normal 0 0 -1
    outer loop
      vertex 67.46393581390382 -12.930032074451447 0
      vertex 71.14780276179314 -10.197890177369118 0
      vertex 71.15600901752711 -10.36493231356144 0
    endloop
  endfacet
  facet normal 0 0 -1
    outer loop
      vertex 67.46393581390382 -12.930032074451447 0
      vertex 71.13818381637336 -10.100227393209934 0
      vertex 71.14780276179314 -10.197890177369118 0
    endloop
  endfacet
  facet normal 0 0 -1
    outer loop
      vertex 67.46393581390382 -12.930032074451447 0
      vertex 71.11364408493043 -9.934793956577778 0
      vertex 71.13818381637336 -10.100227393209934 0
    endloop
  endfacet
  facet normal 0 0 -1
    outer loop
      vertex 66.9920869088173 -12.688730388879776 0
      vertex 71.05386195242406 -9.676312752068043 0
      vertex 71.09449882715941 -9.838544256985188 0
    endloop
  endfacet
  facet normal 0 0 -1
    outer loop
      vertex 66.9920869088173 -12.688730388879776 0
      vertex 71.02537476927043 -9.58240307867527 0
      vertex 71.05386195242406 -9.676312752068043 0
    endloop
  endfacet
  facet normal 0 0 -1
    outer loop
      vertex 66.9920869088173 -12.688730388879776 0
      vertex 70.96903210043908 -9.42493586242199 0
      vertex 71.02537476927043 -9.58240307867527 0
    endloop
  endfacet
  facet normal 0 0 -1
    outer loop
      vertex 66.9920869088173 -12.688730388879776 0
      vertex 70.93147731482983 -9.33427058905363 0
      vertex 70.96903210043908 -9.42493586242199 0
    endloop
  endfacet
  facet normal 0 0 -1
    outer loop
      vertex 66.9920869088173 -12.688730388879776 0
      vertex 70.8599714627862 -9.183084174990654 0
      vertex 70.93147731482983 -9.33427058905363 0
    endloop
  endfacet
  facet normal 0 0 -1
    outer loop
      vertex 66.77615904718638 -12.534582421183586 0
      vertex 70.81371079295874 -9.096536554396152 0
      vertex 70.8599714627862 -9.183084174990654 0
    endloop
  endfacet
  facet normal 0 0 -1
    outer loop
      vertex 66.77615904718638 -12.534582421183586 0
      vertex 70.72773040741683 -8.953086942434311 0
      vertex 70.81371079295874 -9.096536554396152 0
    endloop
  endfacet
  facet normal 0 0 -1
    outer loop
      vertex 66.70843236804009 -12.479616805911064 0
      vertex 70.71813759863377 -8.937410809099674 0
      vertex 70.72773040741683 -8.953086942434311 0
    endloop
  endfacet
  facet normal 0 0 -1
    outer loop
      vertex 64.52634058803321 -10.544872969388962 0
      vertex 66.83713580578566 -2.724221132695675 0
      vertex 70.71813759863377 -8.937410809099674 0
    endloop
  endfacet
  facet normal -0.382683427949758 -0.923879534340177 0
    outer loop
      vertex 56.97500000059605 -13.26799999922514 0
      vertex 56.267893216609956 -12.975106783211231 1.8
      vertex 56.267893216609956 -12.975106783211231 0
    endloop
  endfacet
  facet normal 0 -1 0
    outer loop
      vertex 61.389000005126 -13.26799999922514 0
      vertex 56.97500000059605 -13.26799999922514 1.8
      vertex 56.97500000059605 -13.26799999922514 0
    endloop
  endfacet
  facet normal -0.7071067806139002 -0.707106781759195 -1.3273728521892345e-16
    outer loop
      vertex 56.267893216609956 -12.975106783211231 0
      vertex 51.66789321511984 -8.375106789171696 1.8
      vertex 51.66789321511984 -8.375106789171696 0
    endloop
  endfacet
  facet normal -0.923879534340177 -0.382683427949758 0
    outer loop
      vertex 51.66789321511984 -8.375106789171696 0
      vertex 51.37499999910593 -7.668000005185604 1.8
      vertex 51.37499999910593 -7.668000005185604 0
    endloop
  endfacet
  facet normal 0.382683427949758 -0.923879534340177 0
    outer loop
      vertex 62.09610678911209 -12.975106783211231 0
      vertex 61.389000005126 -13.26799999922514 1.8
      vertex 61.389000005126 -13.26799999922514 0
    endloop
  endfacet
  facet normal 0.7071067833543857 -0.7071067790187093 5.446634404238827e-17
    outer loop
      vertex 64.52634058803321 -10.544872969388962 0
      vertex 62.09610678911209 -12.975106783211231 1.8
      vertex 62.09610678911209 -12.975106783211231 0
    endloop
  endfacet
  facet normal -0.6634259961742808 -0.7482419044668396 6.34494691393351e-17
    outer loop
      vertex 66.70843236804009 -12.479616805911064 0
      vertex 64.52634058803321 -10.544872969388962 1.8
      vertex 64.52634058803321 -10.544872969388962 0
    endloop
  endfacet
  facet normal -0.630162218858316 -0.7764635071421991 0
    outer loop
      vertex 66.77615904718638 -12.534582421183586 0
      vertex 66.70843236804009 -12.479616805911064 1.8
      vertex 66.70843236804009 -12.479616805911064 0
    endloop
  endfacet
  facet normal -0.514102763711183 -0.8577285983016559 0
    outer loop
      vertex 67.13553652077914 -12.774710781872272 0
      vertex 66.9920869088173 -12.688730388879776 1.8
      vertex 66.9920869088173 -12.688730388879776 0
    endloop
  endfacet
  facet normal -0.5555702507806306 -0.8314696004350052 0
    outer loop
      vertex 66.9920869088173 -12.688730388879776 0
      vertex 66.91049035549165 -12.63420931249857 1.8
      vertex 66.91049035549165 -12.63420931249857 0
    endloop
  endfacet
  facet normal -0.4713966757474304 -0.8819212969955267 0
    outer loop
      vertex 67.22208423078061 -12.820971488952637 0
      vertex 67.13553652077914 -12.774710781872272 1.8
      vertex 67.13553652077914 -12.774710781872272 0
    endloop
  endfacet
  facet normal -0.42755505738956584 -0.9039893101694317 0
    outer loop
      vertex 67.37327065229417 -12.892477333545685 0
      vertex 67.22208423078061 -12.820971488952637 1.8
      vertex 67.22208423078061 -12.820971488952637 0
    endloop
  endfacet
  facet normal -0.5956993165623518 -0.8032075225289831 0
    outer loop
      vertex 66.91049035549165 -12.63420931249857 0
      vertex 66.77615904718638 -12.534582421183586 1.8
      vertex 66.77615904718638 -12.534582421183586 0
    endloop
  endfacet
  facet normal -0.2902847415729003 -0.9569403162214217 0
    outer loop
      vertex 67.71531275570393 -13.014861963689327 0
      vertex 67.62140302270652 -12.986374750733376 1.8
      vertex 67.62140302270652 -12.986374750733376 0
    endloop
  endfacet
  facet normal -0.336889896078057 -0.941544049909783 0
    outer loop
      vertex 67.62140302270652 -12.986374750733376 0
      vertex 67.46393581390382 -12.930032074451447 1.8
      vertex 67.46393581390382 -12.930032074451447 0
    endloop
  endfacet
  facet normal -0.382683443953035 -0.9238795277114026 0
    outer loop
      vertex 67.46393581390382 -12.930032074451447 0
      vertex 67.37327065229417 -12.892477333545685 1.8
      vertex 67.37327065229417 -12.892477333545685 0
    endloop
  endfacet
  facet normal -0.24298015939615084 -0.9700312583313081 0
    outer loop
      vertex 67.87754426807166 -13.055498838424683 0
      vertex 67.71531275570393 -13.014861963689327 1.8
      vertex 67.71531275570393 -13.014861963689327 0
    endloop
  endfacet
  facet normal -0.1950902992644615 -0.9807852849288181 0
    outer loop
      vertex 67.97379395276309 -13.074644088745117 0
      vertex 67.87754426807166 -13.055498838424683 1.8
      vertex 67.87754426807166 -13.055498838424683 0
    endloop
  endfacet
  facet normal -0.14673047652309334 -0.989176509658062 0
    outer loop
      vertex 68.13922738194466 -13.099183820188046 0
      vertex 67.97379395276309 -13.074644088745117 1.8
      vertex 67.97379395276309 -13.074644088745117 0
    endloop
  endfacet
  facet normal -0.09801714051489621 -0.9951847266539429 0
    outer loop
      vertex 68.23689017355443 -13.108802765607834 0
      vertex 68.13922738194466 -13.099183820188046 1.8
      vertex 68.13922738194466 -13.099183820188046 0
    endloop
  endfacet
  facet normal -0.04906768290526446 -0.9987954557837697 0
    outer loop
      vertex 68.40393231719733 -13.1170090213418 0
      vertex 68.23689017355443 -13.108802765607834 1.8
      vertex 68.23689017355443 -13.108802765607834 0
    endloop
  endfacet
  facet normal 0 -1 0
    outer loop
      vertex 68.5020676842332 -13.1170090213418 0
      vertex 68.40393231719733 -13.1170090213418 1.8
      vertex 68.40393231719733 -13.1170090213418 0
    endloop
  endfacet
  facet normal 0.0490676850885611 -0.9987954556765113 0
    outer loop
      vertex 68.66910982042552 -13.108802765607834 0
      vertex 68.5020676842332 -13.1170090213418 1.8
      vertex 68.5020676842332 -13.1170090213418 0
    endloop
  endfacet
  facet normal 0.09801714792067012 -0.9951847259245379 0
    outer loop
      vertex 68.7667726045847 -13.099183820188046 0
      vertex 68.66910982042552 -13.108802765607834 1.8
      vertex 68.66910982042552 -13.108802765607834 0
    endloop
  endfacet
  facet normal 0.1467304700571076 -0.9891765106172004 0
    outer loop
      vertex 68.93220604121686 -13.074644088745117 0
      vertex 68.7667726045847 -13.099183820188046 1.8
      vertex 68.7667726045847 -13.099183820188046 0
    endloop
  endfacet
  facet normal 0.19509028473751533 -0.9807852878184069 0
    outer loop
      vertex 69.02845573335887 -13.055498838424683 0
      vertex 68.93220604121686 -13.074644088745117 1.8
      vertex 68.93220604121686 -13.074644088745117 0
    endloop
  endfacet
  facet normal 0.24298015939615084 -0.9700312583313081 0
    outer loop
      vertex 69.1906872457266 -13.014861963689327 0
      vertex 69.02845573335887 -13.055498838424683 1.8
      vertex 69.02845573335887 -13.055498838424683 0
    endloop
  endfacet
  facet normal 0.2902847415729003 -0.9569403162214217 0
    outer loop
      vertex 69.28459697872401 -12.986374750733376 0
      vertex 69.1906872457266 -13.014861963689327 1.8
      vertex 69.1906872457266 -13.014861963689327 0
    endloop
  endfacet
  facet normal 0.336889896078057 -0.941544049909783 0
    outer loop
      vertex 69.44206418752671 -12.930032074451447 0
      vertex 69.28459697872401 -12.986374750733376 1.8
      vertex 69.28459697872401 -12.986374750733376 0
    endloop
  endfacet
  facet normal 0.3826834282291699 -0.9238795342244409 0
    outer loop
      vertex 69.5327293714881 -12.892477326095104 0
      vertex 69.44206418752671 -12.930032074451447 1.8
      vertex 69.44206418752671 -12.930032074451447 0
    endloop
  endfacet
  facet normal 0.4275550746080923 -0.9039893020256758 0
    outer loop
      vertex 69.68391578555108 -12.820971481502056 0
      vertex 69.5327293714881 -12.892477326095104 1.8
      vertex 69.5327293714881 -12.892477326095104 0
    endloop
  endfacet
  facet normal 0.47139674702540346 -0.881921258896659 0
    outer loop
      vertex 69.77046345084906 -12.774710789322853 0
      vertex 69.68391578555108 -12.820971481502056 1.8
      vertex 69.68391578555108 -12.820971481502056 0
    endloop
  endfacet
  facet normal 0.5141027440667073 -0.8577286100761021 0
    outer loop
      vertex 69.91391307026149 -12.688730396330357 0
      vertex 69.77046345084906 -12.774710789322853 1.8
      vertex 69.77046345084906 -12.774710789322853 0
    endloop
  endfacet
  facet normal 0.5555701980548708 -0.8314696356652307 0
    outer loop
      vertex 69.99550964593888 -12.63420931249857 0
      vertex 69.91391307026149 -12.688730396330357 1.8
      vertex 69.91391307026149 -12.688730396330357 0
    endloop
  endfacet
  facet normal 0.5956993165623518 -0.8032075225289831 0
    outer loop
      vertex 70.12984095424414 -12.534582421183586 0
      vertex 69.99550964593888 -12.63420931249857 1.8
      vertex 69.99550964593888 -12.63420931249857 0
    endloop
  endfacet
  facet normal 0.6343932927828078 -0.7730104462891731 0
    outer loop
      vertex 70.20570059031249 -12.472326025366783 0
      vertex 70.12984095424414 -12.534582421183586 1.8
      vertex 70.12984095424414 -12.534582421183586 0
    endloop
  endfacet
  facet normal 0.6715589523891832 -0.7409511275826113 0
    outer loop
      vertex 70.32961992084981 -12.360012091696262 0
      vertex 70.20570059031249 -12.472326025366783 1.8
      vertex 70.20570059031249 -12.472326025366783 0
    endloop
  endfacet
  facet normal 0.7071067811865475 -0.7071067811865475 0
    outer loop
      vertex 70.39901207298041 -12.290619939565659 0
      vertex 70.32961992084981 -12.360012091696262 1.8
      vertex 70.32961992084981 -12.360012091696262 0
    endloop
  endfacet
  facet normal 0.7409511074912699 -0.6715589745565614 0
    outer loop
      vertex 70.51132600665093 -12.16670061647892 0
      vertex 70.39901207298041 -12.290619939565659 1.8
      vertex 70.39901207298041 -12.290619939565659 0
    endloop
  endfacet
  facet normal 0.7730104434623055 -0.634393296227356 0
    outer loop
      vertex 70.57358243972064 -12.090840935707092 0
      vertex 70.51132600665093 -12.16670061647892 1.8
      vertex 70.51132600665093 -12.16670061647892 0
    endloop
  endfacet
  facet normal 0.8032075383376345 -0.5956992952468532 0
    outer loop
      vertex 70.67320933103562 -11.956509619951248 0
      vertex 70.57358243972064 -12.090840935707092 1.8
      vertex 70.57358243972064 -12.090840935707092 0
    endloop
  endfacet
  facet normal 0.8314696238687989 -0.55557021570948 0
    outer loop
      vertex 70.72773040741683 -11.874913059175014 0
      vertex 70.67320933103562 -11.956509619951248 1.8
      vertex 70.67320933103562 -11.956509619951248 0
    endloop
  endfacet
  facet normal 0.8577286179461323 -0.5141027309363547 0
    outer loop
      vertex 70.81371079295874 -11.731463447213173 0
      vertex 70.72773040741683 -11.874913059175014 1.8
      vertex 70.72773040741683 -11.874913059175014 0
    endloop
  endfacet
  facet normal 0.8819212523609624 -0.47139675925283125 0
    outer loop
      vertex 70.8599714627862 -11.644915826618671 0
      vertex 70.81371079295874 -11.731463447213173 1.8
      vertex 70.81371079295874 -11.731463447213173 0
    endloop
  endfacet
  facet normal 0.9039892848071485 -0.4275551110136101 0
    outer loop
      vertex 70.93147731482983 -11.493729412555695 0
      vertex 70.8599714627862 -11.644915826618671 1.8
      vertex 70.8599714627862 -11.644915826618671 0
    endloop
  endfacet
  facet normal 0.9238795334342761 -0.38268343013679645 0
    outer loop
      vertex 70.96903210043908 -11.403064139187336 0
      vertex 70.93147731482983 -11.493729412555695 1.8
      vertex 70.93147731482983 -11.493729412555695 0
    endloop
  endfacet
  facet normal 0.9415440690967737 -0.33688984245401327 0
    outer loop
      vertex 71.02537476927043 -11.245596922934055 0
      vertex 70.96903210043908 -11.403064139187336 1.8
      vertex 70.96903210043908 -11.403064139187336 0
    endloop
  endfacet
  facet normal 0.9569403347082142 -0.29028468063012014 0
    outer loop
      vertex 71.05386195987464 -11.151687242090702 0
      vertex 71.02537476927043 -11.245596922934055 1.8
      vertex 71.02537476927043 -11.245596922934055 0
    endloop
  endfacet
  facet normal 0.9700312583313081 -0.24298015939615084 0
    outer loop
      vertex 71.09449883461 -10.989455729722977 0
      vertex 71.05386195987464 -11.151687242090702 1.8
      vertex 71.05386195987464 -11.151687242090702 0
    endloop
  endfacet
  facet normal 0.9807852849288181 -0.1950902992644615 0
    outer loop
      vertex 71.11364408493043 -10.893206045031548 0
      vertex 71.09449883461 -10.989455729722977 1.8
      vertex 71.09449883461 -10.989455729722977 0
    endloop
  endfacet
  facet normal 0.989176509658062 -0.14673047652309334 0
    outer loop
      vertex 71.13818381637336 -10.727772615849972 0
      vertex 71.11364408493043 -10.893206045031548 1.8
      vertex 71.11364408493043 -10.893206045031548 0
    endloop
  endfacet
  facet normal 0.9951847266539429 -0.09801714051489621 0
    outer loop
      vertex 71.14780276179314 -10.630109824240208 0
      vertex 71.13818381637336 -10.727772615849972 1.8
      vertex 71.13818381637336 -10.727772615849972 0
    endloop
  endfacet
  facet normal 0.9987954557837697 -0.04906768290526446 0
    outer loop
      vertex 71.15600901752711 -10.463067680597305 0
      vertex 71.14780276179314 -10.630109824240208 1.8
      vertex 71.14780276179314 -10.630109824240208 0
    endloop
  endfacet
  facet normal 1 0 0
    outer loop
      vertex 71.15600901752711 -10.36493231356144 0
      vertex 71.15600901752711 -10.463067680597305 1.8
      vertex 71.15600901752711 -10.463067680597305 0
    endloop
  endfacet
  facet normal 0.9987954556765113 0.0490676850885611 0
    outer loop
      vertex 71.14780276179314 -10.197890177369118 0
      vertex 71.15600901752711 -10.36493231356144 1.8
      vertex 71.15600901752711 -10.36493231356144 0
    endloop
  endfacet
  facet normal 0.9951847259245379 0.09801714792067012 0
    outer loop
      vertex 71.13818381637336 -10.100227393209934 0
      vertex 71.14780276179314 -10.197890177369118 1.8
      vertex 71.14780276179314 -10.197890177369118 0
    endloop
  endfacet
  facet normal 0.9891765106172004 0.1467304700571076 0
    outer loop
      vertex 71.11364408493043 -9.934793956577778 0
      vertex 71.13818381637336 -10.100227393209934 1.8
      vertex 71.13818381637336 -10.100227393209934 0
    endloop
  endfacet
  facet normal 0.9807852761810495 0.195090343242464 0
    outer loop
      vertex 71.09449882715941 -9.838544256985188 0
      vertex 71.11364408493043 -9.934793956577778 1.8
      vertex 71.11364408493043 -9.934793956577778 0
    endloop
  endfacet
  facet normal 0.9700312557011476 0.24298016989634164 0
    outer loop
      vertex 71.05386195242406 -9.676312752068043 0
      vertex 71.09449882715941 -9.838544256985188 1.8
      vertex 71.09449882715941 -9.838544256985188 0
    endloop
  endfacet
  facet normal 0.9569403494005316 0.29028463219603684 0
    outer loop
      vertex 71.02537476927043 -9.58240307867527 0
      vertex 71.05386195242406 -9.676312752068043 1.8
      vertex 71.05386195242406 -9.676312752068043 0
    endloop
  endfacet
  facet normal 0.9415440690967737 0.33688984245401327 0
    outer loop
      vertex 70.96903210043908 -9.42493586242199 0
      vertex 71.02537476927043 -9.58240307867527 1.8
      vertex 71.02537476927043 -9.58240307867527 0
    endloop
  endfacet
  facet normal 0.9238795334342761 0.38268343013679645 0
    outer loop
      vertex 70.93147731482983 -9.33427058905363 0
      vertex 70.96903210043908 -9.42493586242199 1.8
      vertex 70.96903210043908 -9.42493586242199 0
    endloop
  endfacet
  facet normal 0.9039892848071485 0.4275551110136101 0
    outer loop
      vertex 70.8599714627862 -9.183084174990654 0
      vertex 70.93147731482983 -9.33427058905363 1.8
      vertex 70.93147731482983 -9.33427058905363 0
    endloop
  endfacet
  facet normal 0.8577286179461323 0.5141027309363547 0
    outer loop
      vertex 70.72773040741683 -8.953086942434311 0
      vertex 70.81371079295874 -9.096536554396152 1.8
      vertex 70.81371079295874 -9.096536554396152 0
    endloop
  endfacet
  facet normal 0.8819212523609624 0.47139675925283125 0
    outer loop
      vertex 70.81371079295874 -9.096536554396152 0
      vertex 70.8599714627862 -9.183084174990654 1.8
      vertex 70.8599714627862 -9.183084174990654 0
    endloop
  endfacet
  facet normal 0.8529681684003693 0.5219629332584061 0
    outer loop
      vertex 70.71813759863377 -8.937410809099674 0
      vertex 70.72773040741683 -8.953086942434311 1.8
      vertex 70.72773040741683 -8.953086942434311 0
    endloop
  endfacet
  facet normal 0.8481358090819003 0.5297788683526272 7.577588584071618e-17
    outer loop
      vertex 66.83713580578566 -2.724221132695675 0
      vertex 70.71813759863377 -8.937410809099674 1.8
      vertex 70.71813759863377 -8.937410809099674 0
    endloop
  endfacet
  facet normal 0 0 -1
    outer loop
      vertex 64.52634058803321 -10.544872969388962 0
      vertex 51.37499999910593 -3.254000000655651 0
      vertex 51.66789321511984 -2.5468932166695595 0
    endloop
  endfacet
  facet normal 0 0 -1
    outer loop
      vertex 64.52634058803321 -10.544872969388962 0
      vertex 51.66789321511984 -2.5468932166695595 0
      vertex 53.96078643113375 -0.2539999932050705 0
    endloop
  endfacet
  facet normal 0 0 -1
    outer loop
      vertex 64.52634058803321 -10.544872969388962 0
      vertex 53.96078643113375 -0.2539999932050705 0
      vertex 64.40321356713773 -0.2540000006556511 0
    endloop
  endfacet
  facet normal 0 0 -1
    outer loop
      vertex 64.52634058803321 -10.544872969388962 0
      vertex 66.69610678315163 -2.5468932166695595 0
      vertex 66.83713580578566 -2.724221132695675 0
    endloop
  endfacet
  facet normal 0 0 -1
    outer loop
      vertex 64.52634058803321 -10.544872969388962 0
      vertex 64.40321356713773 -0.2540000006556511 0
      vertex 66.69610678315163 -2.5468932166695595 0
    endloop
  endfacet
  facet normal -1 0 0
    outer loop
      vertex 51.37499999910593 -7.668000005185604 0
      vertex 51.37499999910593 -3.254000000655651 1.8
      vertex 51.37499999910593 -3.254000000655651 0
    endloop
  endfacet
  facet normal -0.923879534340177 0.382683427949758 0
    outer loop
      vertex 51.37499999910593 -3.254000000655651 0
      vertex 51.66789321511984 -2.5468932166695595 1.8
      vertex 51.66789321511984 -2.5468932166695595 0
    endloop
  endfacet
  facet normal -0.7071067823353923 0.7071067800377029 -5.706372939535763e-17
    outer loop
      vertex 51.66789321511984 -2.5468932166695595 0
      vertex 53.96078643113375 -0.2539999932050705 1.8
      vertex 53.96078643113375 -0.2539999932050705 0
    endloop
  endfacet
  facet normal 0.7071067811865476 0.7071067811865476 -3.8042486325379826e-17
    outer loop
      vertex 64.40321356713773 -0.2540000006556511 0
      vertex 66.69610678315163 -2.5468932166695595 1.8
      vertex 66.69610678315163 -2.5468932166695595 0
    endloop
  endfacet
  facet normal 0.7826596974844854 0.6224498356763328 0
    outer loop
      vertex 66.69610678315163 -2.5468932166695595 0
      vertex 66.83713580578566 -2.724221132695675 1.8
      vertex 66.83713580578566 -2.724221132695675 0
    endloop
  endfacet
  facet normal -0.7071067806139002 -0.707106781759195 0
    outer loop
      vertex 56.267893216609956 -12.975106783211231 0
      vertex 56.267893216609956 -12.975106783211231 1.8
      vertex 51.66789321511984 -8.375106789171696 1.8
    endloop
  endfacet
  facet normal -0.382683427949758 -0.923879534340177 0
    outer loop
      vertex 56.97500000059605 -13.26799999922514 0
      vertex 56.97500000059605 -13.26799999922514 1.8
      vertex 56.267893216609956 -12.975106783211231 1.8
    endloop
  endfacet
  facet normal 0 -1 0
    outer loop
      vertex 61.389000005126 -13.26799999922514 0
      vertex 61.389000005126 -13.26799999922514 1.8
      vertex 56.97500000059605 -13.26799999922514 1.8
    endloop
  endfacet
  facet normal -0.923879534340177 -0.382683427949758 0
    outer loop
      vertex 51.66789321511984 -8.375106789171696 0
      vertex 51.66789321511984 -8.375106789171696 1.8
      vertex 51.37499999910593 -7.668000005185604 1.8
    endloop
  endfacet
  facet normal 0.382683427949758 -0.923879534340177 0
    outer loop
      vertex 62.09610678911209 -12.975106783211231 0
      vertex 62.09610678911209 -12.975106783211231 1.8
      vertex 61.389000005126 -13.26799999922514 1.8
    endloop
  endfacet
  facet normal -0.6634259961742808 -0.7482419044668396 0
    outer loop
      vertex 66.70843236804009 -12.479616805911064 0
      vertex 66.70843236804009 -12.479616805911064 1.8
      vertex 64.52634058803321 -10.544872969388962 1.8
    endloop
  endfacet
  facet normal 0.7071067833543857 -0.7071067790187093 0
    outer loop
      vertex 64.52634058803321 -10.544872969388962 0
      vertex 64.52634058803321 -10.544872969388962 1.8
      vertex 62.09610678911209 -12.975106783211231 1.8
    endloop
  endfacet
  facet normal -0.42755505738956584 -0.9039893101694317 0
    outer loop
      vertex 67.37327065229417 -12.892477333545685 0
      vertex 67.37327065229417 -12.892477333545685 1.8
      vertex 67.22208423078061 -12.820971488952637 1.8
    endloop
  endfacet
  facet normal -0.5555702507806306 -0.8314696004350052 0
    outer loop
      vertex 66.9920869088173 -12.688730388879776 0
      vertex 66.9920869088173 -12.688730388879776 1.8
      vertex 66.91049035549165 -12.63420931249857 1.8
    endloop
  endfacet
  facet normal -0.4713966757474304 -0.8819212969955267 0
    outer loop
      vertex 67.22208423078061 -12.820971488952637 0
      vertex 67.22208423078061 -12.820971488952637 1.8
      vertex 67.13553652077914 -12.774710781872272 1.8
    endloop
  endfacet
  facet normal -0.514102763711183 -0.8577285983016559 0
    outer loop
      vertex 67.13553652077914 -12.774710781872272 0
      vertex 67.13553652077914 -12.774710781872272 1.8
      vertex 66.9920869088173 -12.688730388879776 1.8
    endloop
  endfacet
  facet normal -0.5956993165623518 -0.8032075225289831 0
    outer loop
      vertex 66.91049035549165 -12.63420931249857 0
      vertex 66.91049035549165 -12.63420931249857 1.8
      vertex 66.77615904718638 -12.534582421183586 1.8
    endloop
  endfacet
  facet normal -0.630162218858316 -0.7764635071421991 0
    outer loop
      vertex 66.77615904718638 -12.534582421183586 0
      vertex 66.77615904718638 -12.534582421183586 1.8
      vertex 66.70843236804009 -12.479616805911064 1.8
    endloop
  endfacet
  facet normal -0.1950902992644615 -0.9807852849288181 0
    outer loop
      vertex 67.97379395276309 -13.074644088745117 0
      vertex 67.97379395276309 -13.074644088745117 1.8
      vertex 67.87754426807166 -13.055498838424683 1.8
    endloop
  endfacet
  facet normal -0.336889896078057 -0.941544049909783 0
    outer loop
      vertex 67.62140302270652 -12.986374750733376 0
      vertex 67.62140302270652 -12.986374750733376 1.8
      vertex 67.46393581390382 -12.930032074451447 1.8
    endloop
  endfacet
  facet normal -0.2902847415729003 -0.9569403162214217 0
    outer loop
      vertex 67.71531275570393 -13.014861963689327 0
      vertex 67.71531275570393 -13.014861963689327 1.8
      vertex 67.62140302270652 -12.986374750733376 1.8
    endloop
  endfacet
  facet normal -0.382683443953035 -0.9238795277114026 0
    outer loop
      vertex 67.46393581390382 -12.930032074451447 0
      vertex 67.46393581390382 -12.930032074451447 1.8
      vertex 67.37327065229417 -12.892477333545685 1.8
    endloop
  endfacet
  facet normal -0.24298015939615084 -0.9700312583313081 0
    outer loop
      vertex 67.87754426807166 -13.055498838424683 0
      vertex 67.87754426807166 -13.055498838424683 1.8
      vertex 67.71531275570393 -13.014861963689327 1.8
    endloop
  endfacet
  facet normal -0.14673047652309334 -0.989176509658062 0
    outer loop
      vertex 68.13922738194466 -13.099183820188046 0
      vertex 68.13922738194466 -13.099183820188046 1.8
      vertex 67.97379395276309 -13.074644088745117 1.8
    endloop
  endfacet
  facet normal -0.09801714051489621 -0.9951847266539429 0
    outer loop
      vertex 68.23689017355443 -13.108802765607834 0
      vertex 68.23689017355443 -13.108802765607834 1.8
      vertex 68.13922738194466 -13.099183820188046 1.8
    endloop
  endfacet
  facet normal -0.04906768290526446 -0.9987954557837697 0
    outer loop
      vertex 68.40393231719733 -13.1170090213418 0
      vertex 68.40393231719733 -13.1170090213418 1.8
      vertex 68.23689017355443 -13.108802765607834 1.8
    endloop
  endfacet
  facet normal 0 -1 0
    outer loop
      vertex 68.5020676842332 -13.1170090213418 0
      vertex 68.5020676842332 -13.1170090213418 1.8
      vertex 68.40393231719733 -13.1170090213418 1.8
    endloop
  endfacet
  facet normal 0.0490676850885611 -0.9987954556765113 0
    outer loop
      vertex 68.66910982042552 -13.108802765607834 0
      vertex 68.66910982042552 -13.108802765607834 1.8
      vertex 68.5020676842332 -13.1170090213418 1.8
    endloop
  endfacet
  facet normal 0.09801714792067012 -0.9951847259245379 0
    outer loop
      vertex 68.7667726045847 -13.099183820188046 0
      vertex 68.7667726045847 -13.099183820188046 1.8
      vertex 68.66910982042552 -13.108802765607834 1.8
    endloop
  endfacet
  facet normal 0.1467304700571076 -0.9891765106172004 0
    outer loop
      vertex 68.93220604121686 -13.074644088745117 0
      vertex 68.93220604121686 -13.074644088745117 1.8
      vertex 68.7667726045847 -13.099183820188046 1.8
    endloop
  endfacet
  facet normal 0.19509028473751533 -0.9807852878184069 0
    outer loop
      vertex 69.02845573335887 -13.055498838424683 0
      vertex 69.02845573335887 -13.055498838424683 1.8
      vertex 68.93220604121686 -13.074644088745117 1.8
    endloop
  endfacet
  facet normal 0.24298015939615084 -0.9700312583313081 0
    outer loop
      vertex 69.1906872457266 -13.014861963689327 0
      vertex 69.1906872457266 -13.014861963689327 1.8
      vertex 69.02845573335887 -13.055498838424683 1.8
    endloop
  endfacet
  facet normal 0.2902847415729003 -0.9569403162214217 0
    outer loop
      vertex 69.28459697872401 -12.986374750733376 0
      vertex 69.28459697872401 -12.986374750733376 1.8
      vertex 69.1906872457266 -13.014861963689327 1.8
    endloop
  endfacet
  facet normal 0.336889896078057 -0.941544049909783 0
    outer loop
      vertex 69.44206418752671 -12.930032074451447 0
      vertex 69.44206418752671 -12.930032074451447 1.8
      vertex 69.28459697872401 -12.986374750733376 1.8
    endloop
  endfacet
  facet normal 0.3826834282291699 -0.9238795342244409 0
    outer loop
      vertex 69.5327293714881 -12.892477326095104 0
      vertex 69.5327293714881 -12.892477326095104 1.8
      vertex 69.44206418752671 -12.930032074451447 1.8
    endloop
  endfacet
  facet normal 0.4275550746080923 -0.9039893020256758 0
    outer loop
      vertex 69.68391578555108 -12.820971481502056 0
      vertex 69.68391578555108 -12.820971481502056 1.8
      vertex 69.5327293714881 -12.892477326095104 1.8
    endloop
  endfacet
  facet normal 0.47139674702540346 -0.881921258896659 0
    outer loop
      vertex 69.77046345084906 -12.774710789322853 0
      vertex 69.77046345084906 -12.774710789322853 1.8
      vertex 69.68391578555108 -12.820971481502056 1.8
    endloop
  endfacet
  facet normal 0.5141027440667073 -0.8577286100761021 0
    outer loop
      vertex 69.91391307026149 -12.688730396330357 0
      vertex 69.91391307026149 -12.688730396330357 1.8
      vertex 69.77046345084906 -12.774710789322853 1.8
    endloop
  endfacet
  facet normal 0.5555701980548708 -0.8314696356652307 0
    outer loop
      vertex 69.99550964593888 -12.63420931249857 0
      vertex 69.99550964593888 -12.63420931249857 1.8
      vertex 69.91391307026149 -12.688730396330357 1.8
    endloop
  endfacet
  facet normal 0.5956993165623518 -0.8032075225289831 0
    outer loop
      vertex 70.12984095424414 -12.534582421183586 0
      vertex 70.12984095424414 -12.534582421183586 1.8
      vertex 69.99550964593888 -12.63420931249857 1.8
    endloop
  endfacet
  facet normal 0.6343932927828078 -0.7730104462891731 0
    outer loop
      vertex 70.20570059031249 -12.472326025366783 0
      vertex 70.20570059031249 -12.472326025366783 1.8
      vertex 70.12984095424414 -12.534582421183586 1.8
    endloop
  endfacet
  facet normal 0.6715589523891832 -0.7409511275826113 0
    outer loop
      vertex 70.32961992084981 -12.360012091696262 0
      vertex 70.32961992084981 -12.360012091696262 1.8
      vertex 70.20570059031249 -12.472326025366783 1.8
    endloop
  endfacet
  facet normal 0.7071067811865475 -0.7071067811865475 0
    outer loop
      vertex 70.39901207298041 -12.290619939565659 0
      vertex 70.39901207298041 -12.290619939565659 1.8
      vertex 70.32961992084981 -12.360012091696262 1.8
    endloop
  endfacet
  facet normal 0.7409511074912699 -0.6715589745565614 0
    outer loop
      vertex 70.51132600665093 -12.16670061647892 0
      vertex 70.51132600665093 -12.16670061647892 1.8
      vertex 70.39901207298041 -12.290619939565659 1.8
    endloop
  endfacet
  facet normal 0.7730104434623055 -0.634393296227356 0
    outer loop
      vertex 70.57358243972064 -12.090840935707092 0
      vertex 70.57358243972064 -12.090840935707092 1.8
      vertex 70.51132600665093 -12.16670061647892 1.8
    endloop
  endfacet
  facet normal 0.8032075383376345 -0.5956992952468532 0
    outer loop
      vertex 70.67320933103562 -11.956509619951248 0
      vertex 70.67320933103562 -11.956509619951248 1.8
      vertex 70.57358243972064 -12.090840935707092 1.8
    endloop
  endfacet
  facet normal 0.8314696238687989 -0.55557021570948 0
    outer loop
      vertex 70.72773040741683 -11.874913059175014 0
      vertex 70.72773040741683 -11.874913059175014 1.8
      vertex 70.67320933103562 -11.956509619951248 1.8
    endloop
  endfacet
  facet normal 0.8577286179461323 -0.5141027309363547 0
    outer loop
      vertex 70.81371079295874 -11.731463447213173 0
      vertex 70.81371079295874 -11.731463447213173 1.8
      vertex 70.72773040741683 -11.874913059175014 1.8
    endloop
  endfacet
  facet normal 0.8819212523609624 -0.47139675925283125 0
    outer loop
      vertex 70.8599714627862 -11.644915826618671 0
      vertex 70.8599714627862 -11.644915826618671 1.8
      vertex 70.81371079295874 -11.731463447213173 1.8
    endloop
  endfacet
  facet normal 0.9039892848071485 -0.4275551110136101 0
    outer loop
      vertex 70.93147731482983 -11.493729412555695 0
      vertex 70.93147731482983 -11.493729412555695 1.8
      vertex 70.8599714627862 -11.644915826618671 1.8
    endloop
  endfacet
  facet normal 0.9238795334342761 -0.38268343013679645 0
    outer loop
      vertex 70.96903210043908 -11.403064139187336 0
      vertex 70.96903210043908 -11.403064139187336 1.8
      vertex 70.93147731482983 -11.493729412555695 1.8
    endloop
  endfacet
  facet normal 0.9415440690967737 -0.33688984245401327 0
    outer loop
      vertex 71.02537476927043 -11.245596922934055 0
      vertex 71.02537476927043 -11.245596922934055 1.8
      vertex 70.96903210043908 -11.403064139187336 1.8
    endloop
  endfacet
  facet normal 0.9569403347082142 -0.29028468063012014 0
    outer loop
      vertex 71.05386195987464 -11.151687242090702 0
      vertex 71.05386195987464 -11.151687242090702 1.8
      vertex 71.02537476927043 -11.245596922934055 1.8
    endloop
  endfacet
  facet normal 0.9700312583313081 -0.24298015939615084 0
    outer loop
      vertex 71.09449883461 -10.989455729722977 0
      vertex 71.09449883461 -10.989455729722977 1.8
      vertex 71.05386195987464 -11.151687242090702 1.8
    endloop
  endfacet
  facet normal 0.9807852849288181 -0.1950902992644615 0
    outer loop
      vertex 71.11364408493043 -10.893206045031548 0
      vertex 71.11364408493043 -10.893206045031548 1.8
      vertex 71.09449883461 -10.989455729722977 1.8
    endloop
  endfacet
  facet normal 0.989176509658062 -0.14673047652309334 0
    outer loop
      vertex 71.13818381637336 -10.727772615849972 0
      vertex 71.13818381637336 -10.727772615849972 1.8
      vertex 71.11364408493043 -10.893206045031548 1.8
    endloop
  endfacet
  facet normal 0.9951847266539429 -0.09801714051489621 0
    outer loop
      vertex 71.14780276179314 -10.630109824240208 0
      vertex 71.14780276179314 -10.630109824240208 1.8
      vertex 71.13818381637336 -10.727772615849972 1.8
    endloop
  endfacet
  facet normal 0.9987954557837697 -0.04906768290526446 0
    outer loop
      vertex 71.15600901752711 -10.463067680597305 0
      vertex 71.15600901752711 -10.463067680597305 1.8
      vertex 71.14780276179314 -10.630109824240208 1.8
    endloop
  endfacet
  facet normal 1 0 0
    outer loop
      vertex 71.15600901752711 -10.36493231356144 0
      vertex 71.15600901752711 -10.36493231356144 1.8
      vertex 71.15600901752711 -10.463067680597305 1.8
    endloop
  endfacet
  facet normal 0.9987954556765113 0.0490676850885611 0
    outer loop
      vertex 71.14780276179314 -10.197890177369118 0
      vertex 71.14780276179314 -10.197890177369118 1.8
      vertex 71.15600901752711 -10.36493231356144 1.8
    endloop
  endfacet
  facet normal 0.9951847259245379 0.09801714792067012 0
    outer loop
      vertex 71.13818381637336 -10.100227393209934 0
      vertex 71.13818381637336 -10.100227393209934 1.8
      vertex 71.14780276179314 -10.197890177369118 1.8
    endloop
  endfacet
  facet normal 0.9891765106172004 0.1467304700571076 0
    outer loop
      vertex 71.11364408493043 -9.934793956577778 0
      vertex 71.11364408493043 -9.934793956577778 1.8
      vertex 71.13818381637336 -10.100227393209934 1.8
    endloop
  endfacet
  facet normal 0.9807852761810495 0.195090343242464 0
    outer loop
      vertex 71.09449882715941 -9.838544256985188 0
      vertex 71.09449882715941 -9.838544256985188 1.8
      vertex 71.11364408493043 -9.934793956577778 1.8
    endloop
  endfacet
  facet normal 0.9700312557011476 0.24298016989634164 0
    outer loop
      vertex 71.05386195242406 -9.676312752068043 0
      vertex 71.05386195242406 -9.676312752068043 1.8
      vertex 71.09449882715941 -9.838544256985188 1.8
    endloop
  endfacet
  facet normal 0.9569403494005316 0.29028463219603684 0
    outer loop
      vertex 71.02537476927043 -9.58240307867527 0
      vertex 71.02537476927043 -9.58240307867527 1.8
      vertex 71.05386195242406 -9.676312752068043 1.8
    endloop
  endfacet
  facet normal 0.9415440690967737 0.33688984245401327 0
    outer loop
      vertex 70.96903210043908 -9.42493586242199 0
      vertex 70.96903210043908 -9.42493586242199 1.8
      vertex 71.02537476927043 -9.58240307867527 1.8
    endloop
  endfacet
  facet normal 0.9238795334342761 0.38268343013679645 0
    outer loop
      vertex 70.93147731482983 -9.33427058905363 0
      vertex 70.93147731482983 -9.33427058905363 1.8
      vertex 70.96903210043908 -9.42493586242199 1.8
    endloop
  endfacet
  facet normal 0.9039892848071485 0.4275551110136101 0
    outer loop
      vertex 70.8599714627862 -9.183084174990654 0
      vertex 70.8599714627862 -9.183084174990654 1.8
      vertex 70.93147731482983 -9.33427058905363 1.8
    endloop
  endfacet
  facet normal 0.8819212523609624 0.47139675925283125 0
    outer loop
      vertex 70.81371079295874 -9.096536554396152 0
      vertex 70.81371079295874 -9.096536554396152 1.8
      vertex 70.8599714627862 -9.183084174990654 1.8
    endloop
  endfacet
  facet normal 0.8577286179461323 0.5141027309363547 0
    outer loop
      vertex 70.72773040741683 -8.953086942434311 0
      vertex 70.72773040741683 -8.953086942434311 1.8
      vertex 70.81371079295874 -9.096536554396152 1.8
    endloop
  endfacet
  facet normal 0.8529681684003693 0.5219629332584061 0
    outer loop
      vertex 70.71813759863377 -8.937410809099674 0
      vertex 70.71813759863377 -8.937410809099674 1.8
      vertex 70.72773040741683 -8.953086942434311 1.8
    endloop
  endfacet
  facet normal 0 0 1
    outer loop
      vertex 56.267893216609956 -12.975106783211231 1.8
      vertex 56.97500000059605 -13.26799999922514 1.8
      vertex 64.52634058803321 -10.544872969388962 1.8
    endloop
  endfacet
  facet normal 0 0 1
    outer loop
      vertex 56.97500000059605 -13.26799999922514 1.8
      vertex 61.389000005126 -13.26799999922514 1.8
      vertex 64.52634058803321 -10.544872969388962 1.8
    endloop
  endfacet
  facet normal 0 0 1
    outer loop
      vertex 51.66789321511984 -8.375106789171696 1.8
      vertex 56.267893216609956 -12.975106783211231 1.8
      vertex 64.52634058803321 -10.544872969388962 1.8
    endloop
  endfacet
  facet normal 0 0 1
    outer loop
      vertex 51.37499999910593 -7.668000005185604 1.8
      vertex 51.66789321511984 -8.375106789171696 1.8
      vertex 64.52634058803321 -10.544872969388962 1.8
    endloop
  endfacet
  facet normal 0 0 1
    outer loop
      vertex 51.37499999910593 -3.254000000655651 1.8
      vertex 51.37499999910593 -7.668000005185604 1.8
      vertex 64.52634058803321 -10.544872969388962 1.8
    endloop
  endfacet
  facet normal 0 0 1
    outer loop
      vertex 61.389000005126 -13.26799999922514 1.8
      vertex 62.09610678911209 -12.975106783211231 1.8
      vertex 64.52634058803321 -10.544872969388962 1.8
    endloop
  endfacet
  facet normal 0 0 1
    outer loop
      vertex 71.11364408493043 -9.934793956577778 1.8
      vertex 67.22208423078061 -12.820971488952637 1.8
      vertex 67.37327065229417 -12.892477333545685 1.8
    endloop
  endfacet
  facet normal 0 0 1
    outer loop
      vertex 71.11364408493043 -9.934793956577778 1.8
      vertex 67.13553652077914 -12.774710781872272 1.8
      vertex 67.22208423078061 -12.820971488952637 1.8
    endloop
  endfacet
  facet normal 0 0 1
    outer loop
      vertex 71.11364408493043 -9.934793956577778 1.8
      vertex 66.9920869088173 -12.688730388879776 1.8
      vertex 67.13553652077914 -12.774710781872272 1.8
    endloop
  endfacet
  facet normal 0 0 1
    outer loop
      vertex 71.02537476927043 -11.245596922934055 1.8
      vertex 68.23689017355443 -13.108802765607834 1.8
      vertex 68.40393231719733 -13.1170090213418 1.8
    endloop
  endfacet
  facet normal 0 0 1
    outer loop
      vertex 70.67320933103562 -11.956509619951248 1.8
      vertex 69.1906872457266 -13.014861963689327 1.8
      vertex 69.28459697872401 -12.986374750733376 1.8
    endloop
  endfacet
  facet normal 0 0 1
    outer loop
      vertex 70.39901207298041 -12.290619939565659 1.8
      vertex 69.5327293714881 -12.892477326095104 1.8
      vertex 69.68391578555108 -12.820971481502056 1.8
    endloop
  endfacet
  facet normal 0 0 1
    outer loop
      vertex 70.81371079295874 -11.731463447213173 1.8
      vertex 68.7667726045847 -13.099183820188046 1.8
      vertex 68.93220604121686 -13.074644088745117 1.8
    endloop
  endfacet
  facet normal 0 0 1
    outer loop
      vertex 71.02537476927043 -11.245596922934055 1.8
      vertex 68.40393231719733 -13.1170090213418 1.8
      vertex 68.5020676842332 -13.1170090213418 1.8
    endloop
  endfacet
  facet normal 0 0 1
    outer loop
      vertex 71.02537476927043 -11.245596922934055 1.8
      vertex 68.5020676842332 -13.1170090213418 1.8
      vertex 68.66910982042552 -13.108802765607834 1.8
    endloop
  endfacet
  facet normal 0 0 1
    outer loop
      vertex 71.02537476927043 -11.245596922934055 1.8
      vertex 68.66910982042552 -13.108802765607834 1.8
      vertex 68.7667726045847 -13.099183820188046 1.8
    endloop
  endfacet
  facet normal 0 0 1
    outer loop
      vertex 70.72773040741683 -11.874913059175014 1.8
      vertex 69.02845573335887 -13.055498838424683 1.8
      vertex 69.1906872457266 -13.014861963689327 1.8
    endloop
  endfacet
  facet normal 0 0 1
    outer loop
      vertex 70.81371079295874 -11.731463447213173 1.8
      vertex 68.93220604121686 -13.074644088745117 1.8
      vertex 69.02845573335887 -13.055498838424683 1.8
    endloop
  endfacet
  facet normal 0 0 1
    outer loop
      vertex 70.67320933103562 -11.956509619951248 1.8
      vertex 69.28459697872401 -12.986374750733376 1.8
      vertex 69.44206418752671 -12.930032074451447 1.8
    endloop
  endfacet
  facet normal 0 0 1
    outer loop
      vertex 70.57358243972064 -12.090840935707092 1.8
      vertex 69.44206418752671 -12.930032074451447 1.8
      vertex 69.5327293714881 -12.892477326095104 1.8
    endloop
  endfacet
  facet normal 0 0 1
    outer loop
      vertex 70.39901207298041 -12.290619939565659 1.8
      vertex 69.68391578555108 -12.820971481502056 1.8
      vertex 69.77046345084906 -12.774710789322853 1.8
    endloop
  endfacet
  facet normal 0 0 1
    outer loop
      vertex 70.20570059031249 -12.472326025366783 1.8
      vertex 69.77046345084906 -12.774710789322853 1.8
      vertex 69.91391307026149 -12.688730396330357 1.8
    endloop
  endfacet
  facet normal 0 0 1
    outer loop
      vertex 70.20570059031249 -12.472326025366783 1.8
      vertex 69.91391307026149 -12.688730396330357 1.8
      vertex 69.99550964593888 -12.63420931249857 1.8
    endloop
  endfacet
  facet normal 0 0 1
    outer loop
      vertex 70.20570059031249 -12.472326025366783 1.8
      vertex 70.32961992084981 -12.360012091696262 1.8
      vertex 69.77046345084906 -12.774710789322853 1.8
    endloop
  endfacet
  facet normal 0 0 1
    outer loop
      vertex 70.20570059031249 -12.472326025366783 1.8
      vertex 69.99550964593888 -12.63420931249857 1.8
      vertex 70.12984095424414 -12.534582421183586 1.8
    endloop
  endfacet
  facet normal 0 0 1
    outer loop
      vertex 70.32961992084981 -12.360012091696262 1.8
      vertex 70.39901207298041 -12.290619939565659 1.8
      vertex 69.77046345084906 -12.774710789322853 1.8
    endloop
  endfacet
  facet normal 0 0 1
    outer loop
      vertex 70.39901207298041 -12.290619939565659 1.8
      vertex 70.51132600665093 -12.16670061647892 1.8
      vertex 69.5327293714881 -12.892477326095104 1.8
    endloop
  endfacet
  facet normal 0 0 1
    outer loop
      vertex 71.09449883461 -10.989455729722977 1.8
      vertex 67.97379395276309 -13.074644088745117 1.8
      vertex 68.13922738194466 -13.099183820188046 1.8
    endloop
  endfacet
  facet normal 0 0 1
    outer loop
      vertex 71.09449883461 -10.989455729722977 1.8
      vertex 68.13922738194466 -13.099183820188046 1.8
      vertex 68.23689017355443 -13.108802765607834 1.8
    endloop
  endfacet
  facet normal 0 0 1
    outer loop
      vertex 71.15600901752711 -10.463067680597305 1.8
      vertex 67.62140302270652 -12.986374750733376 1.8
      vertex 67.71531275570393 -13.014861963689327 1.8
    endloop
  endfacet
  facet normal 0 0 1
    outer loop
      vertex 71.15600901752711 -10.463067680597305 1.8
      vertex 67.71531275570393 -13.014861963689327 1.8
      vertex 67.87754426807166 -13.055498838424683 1.8
    endloop
  endfacet
  facet normal 0 0 1
    outer loop
      vertex 71.15600901752711 -10.463067680597305 1.8
      vertex 67.46393581390382 -12.930032074451447 1.8
      vertex 67.62140302270652 -12.986374750733376 1.8
    endloop
  endfacet
  facet normal 0 0 1
    outer loop
      vertex 71.15600901752711 -10.463067680597305 1.8
      vertex 67.87754426807166 -13.055498838424683 1.8
      vertex 67.97379395276309 -13.074644088745117 1.8
    endloop
  endfacet
  facet normal 0 0 1
    outer loop
      vertex 71.11364408493043 -9.934793956577778 1.8
      vertex 67.37327065229417 -12.892477333545685 1.8
      vertex 67.46393581390382 -12.930032074451447 1.8
    endloop
  endfacet
  facet normal 0 0 1
    outer loop
      vertex 70.51132600665093 -12.16670061647892 1.8
      vertex 70.57358243972064 -12.090840935707092 1.8
      vertex 69.5327293714881 -12.892477326095104 1.8
    endloop
  endfacet
  facet normal 0 0 1
    outer loop
      vertex 70.67320933103562 -11.956509619951248 1.8
      vertex 70.72773040741683 -11.874913059175014 1.8
      vertex 69.1906872457266 -13.014861963689327 1.8
    endloop
  endfacet
  facet normal 0 0 1
    outer loop
      vertex 70.57358243972064 -12.090840935707092 1.8
      vertex 70.67320933103562 -11.956509619951248 1.8
      vertex 69.44206418752671 -12.930032074451447 1.8
    endloop
  endfacet
  facet normal 0 0 1
    outer loop
      vertex 70.72773040741683 -11.874913059175014 1.8
      vertex 70.81371079295874 -11.731463447213173 1.8
      vertex 69.02845573335887 -13.055498838424683 1.8
    endloop
  endfacet
  facet normal 0 0 1
    outer loop
      vertex 70.81371079295874 -11.731463447213173 1.8
      vertex 70.8599714627862 -11.644915826618671 1.8
      vertex 68.7667726045847 -13.099183820188046 1.8
    endloop
  endfacet
  facet normal 0 0 1
    outer loop
      vertex 70.8599714627862 -11.644915826618671 1.8
      vertex 70.93147731482983 -11.493729412555695 1.8
      vertex 68.7667726045847 -13.099183820188046 1.8
    endloop
  endfacet
  facet normal 0 0 1
    outer loop
      vertex 71.02537476927043 -11.245596922934055 1.8
      vertex 71.05386195987464 -11.151687242090702 1.8
      vertex 68.23689017355443 -13.108802765607834 1.8
    endloop
  endfacet
  facet normal 0 0 1
    outer loop
      vertex 70.93147731482983 -11.493729412555695 1.8
      vertex 70.96903210043908 -11.403064139187336 1.8
      vertex 68.7667726045847 -13.099183820188046 1.8
    endloop
  endfacet
  facet normal 0 0 1
    outer loop
      vertex 70.96903210043908 -11.403064139187336 1.8
      vertex 71.02537476927043 -11.245596922934055 1.8
      vertex 68.7667726045847 -13.099183820188046 1.8
    endloop
  endfacet
  facet normal 0 0 1
    outer loop
      vertex 71.05386195987464 -11.151687242090702 1.8
      vertex 71.09449883461 -10.989455729722977 1.8
      vertex 68.23689017355443 -13.108802765607834 1.8
    endloop
  endfacet
  facet normal 0 0 1
    outer loop
      vertex 71.09449883461 -10.989455729722977 1.8
      vertex 71.11364408493043 -10.893206045031548 1.8
      vertex 67.97379395276309 -13.074644088745117 1.8
    endloop
  endfacet
  facet normal 0 0 1
    outer loop
      vertex 70.8599714627862 -9.183084174990654 1.8
      vertex 66.91049035549165 -12.63420931249857 1.8
      vertex 66.9920869088173 -12.688730388879776 1.8
    endloop
  endfacet
  facet normal 0 0 1
    outer loop
      vertex 70.8599714627862 -9.183084174990654 1.8
      vertex 66.77615904718638 -12.534582421183586 1.8
      vertex 66.91049035549165 -12.63420931249857 1.8
    endloop
  endfacet
  facet normal 0 0 1
    outer loop
      vertex 70.72773040741683 -8.953086942434311 1.8
      vertex 66.70843236804009 -12.479616805911064 1.8
      vertex 66.77615904718638 -12.534582421183586 1.8
    endloop
  endfacet
  facet normal 0 0 1
    outer loop
      vertex 70.71813759863377 -8.937410809099674 1.8
      vertex 64.52634058803321 -10.544872969388962 1.8
      vertex 66.70843236804009 -12.479616805911064 1.8
    endloop
  endfacet
  facet normal 0 0 1
    outer loop
      vertex 71.11364408493043 -9.934793956577778 1.8
      vertex 71.09449882715941 -9.838544256985188 1.8
      vertex 66.9920869088173 -12.688730388879776 1.8
    endloop
  endfacet
  facet normal 0 0 1
    outer loop
      vertex 71.11364408493043 -10.893206045031548 1.8
      vertex 71.13818381637336 -10.727772615849972 1.8
      vertex 67.97379395276309 -13.074644088745117 1.8
    endloop
  endfacet
  facet normal 0 0 1
    outer loop
      vertex 71.13818381637336 -10.727772615849972 1.8
      vertex 71.14780276179314 -10.630109824240208 1.8
      vertex 67.97379395276309 -13.074644088745117 1.8
    endloop
  endfacet
  facet normal 0 0 1
    outer loop
      vertex 71.14780276179314 -10.630109824240208 1.8
      vertex 71.15600901752711 -10.463067680597305 1.8
      vertex 67.97379395276309 -13.074644088745117 1.8
    endloop
  endfacet
  facet normal 0 0 1
    outer loop
      vertex 71.15600901752711 -10.463067680597305 1.8
      vertex 71.15600901752711 -10.36493231356144 1.8
      vertex 67.46393581390382 -12.930032074451447 1.8
    endloop
  endfacet
  facet normal 0 0 1
    outer loop
      vertex 71.15600901752711 -10.36493231356144 1.8
      vertex 71.14780276179314 -10.197890177369118 1.8
      vertex 67.46393581390382 -12.930032074451447 1.8
    endloop
  endfacet
  facet normal 0 0 1
    outer loop
      vertex 71.14780276179314 -10.197890177369118 1.8
      vertex 71.13818381637336 -10.100227393209934 1.8
      vertex 67.46393581390382 -12.930032074451447 1.8
    endloop
  endfacet
  facet normal 0 0 1
    outer loop
      vertex 71.13818381637336 -10.100227393209934 1.8
      vertex 71.11364408493043 -9.934793956577778 1.8
      vertex 67.46393581390382 -12.930032074451447 1.8
    endloop
  endfacet
  facet normal 0 0 1
    outer loop
      vertex 71.09449882715941 -9.838544256985188 1.8
      vertex 71.05386195242406 -9.676312752068043 1.8
      vertex 66.9920869088173 -12.688730388879776 1.8
    endloop
  endfacet
  facet normal 0 0 1
    outer loop
      vertex 71.05386195242406 -9.676312752068043 1.8
      vertex 71.02537476927043 -9.58240307867527 1.8
      vertex 66.9920869088173 -12.688730388879776 1.8
    endloop
  endfacet
  facet normal 0 0 1
    outer loop
      vertex 71.02537476927043 -9.58240307867527 1.8
      vertex 70.96903210043908 -9.42493586242199 1.8
      vertex 66.9920869088173 -12.688730388879776 1.8
    endloop
  endfacet
  facet normal 0 0 1
    outer loop
      vertex 70.96903210043908 -9.42493586242199 1.8
      vertex 70.93147731482983 -9.33427058905363 1.8
      vertex 66.9920869088173 -12.688730388879776 1.8
    endloop
  endfacet
  facet normal 0 0 1
    outer loop
      vertex 70.93147731482983 -9.33427058905363 1.8
      vertex 70.8599714627862 -9.183084174990654 1.8
      vertex 66.9920869088173 -12.688730388879776 1.8
    endloop
  endfacet
  facet normal 0 0 1
    outer loop
      vertex 70.8599714627862 -9.183084174990654 1.8
      vertex 70.81371079295874 -9.096536554396152 1.8
      vertex 66.77615904718638 -12.534582421183586 1.8
    endloop
  endfacet
  facet normal 0 0 1
    outer loop
      vertex 70.81371079295874 -9.096536554396152 1.8
      vertex 70.72773040741683 -8.953086942434311 1.8
      vertex 66.77615904718638 -12.534582421183586 1.8
    endloop
  endfacet
  facet normal 0 0 1
    outer loop
      vertex 70.72773040741683 -8.953086942434311 1.8
      vertex 70.71813759863377 -8.937410809099674 1.8
      vertex 66.70843236804009 -12.479616805911064 1.8
    endloop
  endfacet
  facet normal 0 0 1
    outer loop
      vertex 70.71813759863377 -8.937410809099674 1.8
      vertex 66.83713580578566 -2.724221132695675 1.8
      vertex 64.52634058803321 -10.544872969388962 1.8
    endloop
  endfacet
  facet normal -1 0 0
    outer loop
      vertex 51.37499999910593 -7.668000005185604 0
      vertex 51.37499999910593 -7.668000005185604 1.8
      vertex 51.37499999910593 -3.254000000655651 1.8
    endloop
  endfacet
  facet normal -0.923879534340177 0.382683427949758 0
    outer loop
      vertex 51.37499999910593 -3.254000000655651 0
      vertex 51.37499999910593 -3.254000000655651 1.8
      vertex 51.66789321511984 -2.5468932166695595 1.8
    endloop
  endfacet
  facet normal -0.7071067823353923 0.7071067800377029 0
    outer loop
      vertex 51.66789321511984 -2.5468932166695595 0
      vertex 51.66789321511984 -2.5468932166695595 1.8
      vertex 53.96078643113375 -0.2539999932050705 1.8
    endloop
  endfacet
  facet normal 0.8481358090819003 0.5297788683526272 0
    outer loop
      vertex 66.83713580578566 -2.724221132695675 0
      vertex 66.83713580578566 -2.724221132695675 1.8
      vertex 70.71813759863377 -8.937410809099674 1.8
    endloop
  endfacet
  facet normal 0.7071067811865476 0.7071067811865476 0
    outer loop
      vertex 64.40321356713773 -0.2540000006556511 0
      vertex 64.40321356713773 -0.2540000006556511 1.8
      vertex 66.69610678315163 -2.5468932166695595 1.8
    endloop
  endfacet
  facet normal 0.7826596974844854 0.6224498356763328 0
    outer loop
      vertex 66.69610678315163 -2.5468932166695595 0
      vertex 66.69610678315163 -2.5468932166695595 1.8
      vertex 66.83713580578566 -2.724221132695675 1.8
    endloop
  endfacet
  facet normal 0 0 1
    outer loop
      vertex 51.66789321511984 -2.5468932166695595 1.8
      vertex 51.37499999910593 -3.254000000655651 1.8
      vertex 64.52634058803321 -10.544872969388962 1.8
    endloop
  endfacet
  facet normal 0 0 1
    outer loop
      vertex 53.96078643113375 -0.2539999932050705 1.8
      vertex 51.66789321511984 -2.5468932166695595 1.8
      vertex 64.52634058803321 -10.544872969388962 1.8
    endloop
  endfacet
  facet normal 0 0 1
    outer loop
      vertex 64.40321356713773 -0.2540000006556511 1.8
      vertex 53.96078643113375 -0.2539999932050705 1.8
      vertex 64.52634058803321 -10.544872969388962 1.8
    endloop
  endfacet
  facet normal 0 0 1
    outer loop
      vertex 66.83713580578566 -2.724221132695675 1.8
      vertex 66.69610678315163 -2.5468932166695595 1.8
      vertex 64.52634058803321 -10.544872969388962 1.8
    endloop
  endfacet
  facet normal 0 0 1
    outer loop
      vertex 66.69610678315163 -2.5468932166695595 1.8
      vertex 64.40321356713773 -0.2540000006556511 1.8
      vertex 64.52634058803321 -10.544872969388962 1.8
    endloop
  endfacet
  facet normal 0 0 -1
    outer loop
      vertex 53.96078643113375 -0.2539999932050705 0
      vertex 51.66789321511984 2.0388932153582573 0
      vertex 51.37499999910593 2.745999999344349 0
    endloop
  endfacet
  facet normal 0 0 -1
    outer loop
      vertex 53.96078643113375 -0.2539999932050705 0
      vertex 51.37499999910593 2.745999999344349 0
      vertex 51.37499999910593 7.413999997079372 0
    endloop
  endfacet
  facet normal 0 0 -1
    outer loop
      vertex 53.96078643113375 -0.2539999932050705 0
      vertex 51.37499999910593 7.413999997079372 0
      vertex 51.66789321511984 8.121106781065464 0
    endloop
  endfacet
  facet normal 0 0 -1
    outer loop
      vertex 53.96078643113375 -0.2539999932050705 0
      vertex 66.69610678315163 2.0388932153582573 0
      vertex 64.40321356713773 -0.2540000006556511 0
    endloop
  endfacet
  facet normal 0 0 -1
    outer loop
      vertex 53.96078643113375 -0.2539999932050705 0
      vertex 66.98899999916554 2.745999999344349 0
      vertex 66.69610678315163 2.0388932153582573 0
    endloop
  endfacet
  facet normal 0 0 -1
    outer loop
      vertex 53.96078643113375 -0.2539999932050705 0
      vertex 66.98899999916554 7.413999997079372 0
      vertex 66.98899999916554 2.745999999344349 0
    endloop
  endfacet
  facet normal 0 0 -1
    outer loop
      vertex 53.96078643113375 -0.2539999932050705 0
      vertex 66.69610678315163 8.121106781065464 0
      vertex 66.98899999916554 7.413999997079372 0
    endloop
  endfacet
  facet normal -0.707106780037703 -0.7071067823353921 1.902124319359395e-17
    outer loop
      vertex 53.96078643113375 -0.2539999932050705 0
      vertex 51.66789321511984 2.0388932153582573 1.8
      vertex 51.66789321511984 2.0388932153582573 0
    endloop
  endfacet
  facet normal -0.923879534340177 -0.382683427949758 0
    outer loop
      vertex 51.66789321511984 2.0388932153582573 0
      vertex 51.37499999910593 2.745999999344349 1.8
      vertex 51.37499999910593 2.745999999344349 0
    endloop
  endfacet
  facet normal -1 0 0
    outer loop
      vertex 51.37499999910593 2.745999999344349 0
      vertex 51.37499999910593 7.413999997079372 1.8
      vertex 51.37499999910593 7.413999997079372 0
    endloop
  endfacet
  facet normal 0.7071067811865476 -0.7071067811865476 3.8042486325379826e-17
    outer loop
      vertex 66.69610678315163 2.0388932153582573 0
      vertex 64.40321356713773 -0.2540000006556511 1.8
      vertex 64.40321356713773 -0.2540000006556511 0
    endloop
  endfacet
  facet normal 0.923879534340177 -0.382683427949758 0
    outer loop
      vertex 66.98899999916554 2.745999999344349 0
      vertex 66.69610678315163 2.0388932153582573 1.8
      vertex 66.69610678315163 2.0388932153582573 0
    endloop
  endfacet
  facet normal 1 0 0
    outer loop
      vertex 66.98899999916554 7.413999997079372 0
      vertex 66.98899999916554 2.745999999344349 1.8
      vertex 66.98899999916554 2.745999999344349 0
    endloop
  endfacet
  facet normal 0 0 -1
    outer loop
      vertex 53.96078643113375 -0.2539999932050705 0
      vertex 51.66789321511984 8.121106781065464 0
      vertex 56.267893216609956 12.72110678255558 0
    endloop
  endfacet
  facet normal 0 0 -1
    outer loop
      vertex 53.96078643113375 -0.2539999932050705 0
      vertex 56.267893216609956 12.72110678255558 0
      vertex 56.97500000059605 13.013999998569489 0
    endloop
  endfacet
  facet normal 0 0 -1
    outer loop
      vertex 53.96078643113375 -0.2539999932050705 0
      vertex 62.09610678911209 12.72110678255558 0
      vertex 66.69610678315163 8.121106781065464 0
    endloop
  endfacet
  facet normal 0 0 -1
    outer loop
      vertex 53.96078643113375 -0.2539999932050705 0
      vertex 56.97500000059605 13.013999998569489 0
      vertex 61.389000005126 13.013999998569489 0
    endloop
  endfacet
  facet normal 0 0 -1
    outer loop
      vertex 53.96078643113375 -0.2539999932050705 0
      vertex 61.389000005126 13.013999998569489 0
      vertex 62.09610678911209 12.72110678255558 0
    endloop
  endfacet
  facet normal -0.923879534340177 0.382683427949758 0
    outer loop
      vertex 51.37499999910593 7.413999997079372 0
      vertex 51.66789321511984 8.121106781065464 1.8
      vertex 51.66789321511984 8.121106781065464 0
    endloop
  endfacet
  facet normal -0.7071067811865475 0.7071067811865475 -1.0903419848438625e-16
    outer loop
      vertex 51.66789321511984 8.121106781065464 0
      vertex 56.267893216609956 12.72110678255558 1.8
      vertex 56.267893216609956 12.72110678255558 0
    endloop
  endfacet
  facet normal -0.382683427949758 0.923879534340177 0
    outer loop
      vertex 56.267893216609956 12.72110678255558 0
      vertex 56.97500000059605 13.013999998569489 1.8
      vertex 56.97500000059605 13.013999998569489 0
    endloop
  endfacet
  facet normal 0 1 0
    outer loop
      vertex 56.97500000059605 13.013999998569489 0
      vertex 61.389000005126 13.013999998569489 1.8
      vertex 61.389000005126 13.013999998569489 0
    endloop
  endfacet
  facet normal 0.7071067817591944 0.7071067806139008 1.099823211343355e-16
    outer loop
      vertex 62.09610678911209 12.72110678255558 0
      vertex 66.69610678315163 8.121106781065464 1.8
      vertex 66.69610678315163 8.121106781065464 0
    endloop
  endfacet
  facet normal 0.923879534340177 0.382683427949758 0
    outer loop
      vertex 66.69610678315163 8.121106781065464 0
      vertex 66.98899999916554 7.413999997079372 1.8
      vertex 66.98899999916554 7.413999997079372 0
    endloop
  endfacet
  facet normal 0.382683427949758 0.923879534340177 0
    outer loop
      vertex 61.389000005126 13.013999998569489 0
      vertex 62.09610678911209 12.72110678255558 1.8
      vertex 62.09610678911209 12.72110678255558 0
    endloop
  endfacet
  facet normal -0.707106780037703 -0.7071067823353921 0
    outer loop
      vertex 53.96078643113375 -0.2539999932050705 0
      vertex 53.96078643113375 -0.2539999932050705 1.8
      vertex 51.66789321511984 2.0388932153582573 1.8
    endloop
  endfacet
  facet normal -0.923879534340177 -0.382683427949758 0
    outer loop
      vertex 51.66789321511984 2.0388932153582573 0
      vertex 51.66789321511984 2.0388932153582573 1.8
      vertex 51.37499999910593 2.745999999344349 1.8
    endloop
  endfacet
  facet normal -1 0 0
    outer loop
      vertex 51.37499999910593 2.745999999344349 0
      vertex 51.37499999910593 2.745999999344349 1.8
      vertex 51.37499999910593 7.413999997079372 1.8
    endloop
  endfacet
  facet normal 0.7071067811865476 -0.7071067811865476 0
    outer loop
      vertex 66.69610678315163 2.0388932153582573 0
      vertex 66.69610678315163 2.0388932153582573 1.8
      vertex 64.40321356713773 -0.2540000006556511 1.8
    endloop
  endfacet
  facet normal 0.923879534340177 -0.382683427949758 0
    outer loop
      vertex 66.98899999916554 2.745999999344349 0
      vertex 66.98899999916554 2.745999999344349 1.8
      vertex 66.69610678315163 2.0388932153582573 1.8
    endloop
  endfacet
  facet normal 1 0 0
    outer loop
      vertex 66.98899999916554 7.413999997079372 0
      vertex 66.98899999916554 7.413999997079372 1.8
      vertex 66.98899999916554 2.745999999344349 1.8
    endloop
  endfacet
  facet normal 0 0 1
    outer loop
      vertex 51.37499999910593 2.745999999344349 1.8
      vertex 51.66789321511984 2.0388932153582573 1.8
      vertex 53.96078643113375 -0.2539999932050705 1.8
    endloop
  endfacet
  facet normal 0 0 1
    outer loop
      vertex 51.37499999910593 7.413999997079372 1.8
      vertex 51.37499999910593 2.745999999344349 1.8
      vertex 53.96078643113375 -0.2539999932050705 1.8
    endloop
  endfacet
  facet normal 0 0 1
    outer loop
      vertex 51.66789321511984 8.121106781065464 1.8
      vertex 51.37499999910593 7.413999997079372 1.8
      vertex 53.96078643113375 -0.2539999932050705 1.8
    endloop
  endfacet
  facet normal 0 0 1
    outer loop
      vertex 64.40321356713773 -0.2540000006556511 1.8
      vertex 66.69610678315163 2.0388932153582573 1.8
      vertex 53.96078643113375 -0.2539999932050705 1.8
    endloop
  endfacet
  facet normal 0 0 1
    outer loop
      vertex 66.69610678315163 2.0388932153582573 1.8
      vertex 66.98899999916554 2.745999999344349 1.8
      vertex 53.96078643113375 -0.2539999932050705 1.8
    endloop
  endfacet
  facet normal 0 0 1
    outer loop
      vertex 66.98899999916554 2.745999999344349 1.8
      vertex 66.98899999916554 7.413999997079372 1.8
      vertex 53.96078643113375 -0.2539999932050705 1.8
    endloop
  endfacet
  facet normal 0 0 1
    outer loop
      vertex 66.98899999916554 7.413999997079372 1.8
      vertex 66.69610678315163 8.121106781065464 1.8
      vertex 53.96078643113375 -0.2539999932050705 1.8
    endloop
  endfacet
  facet normal -0.923879534340177 0.382683427949758 0
    outer loop
      vertex 51.37499999910593 7.413999997079372 0
      vertex 51.37499999910593 7.413999997079372 1.8
      vertex 51.66789321511984 8.121106781065464 1.8
    endloop
  endfacet
  facet normal -0.7071067811865475 0.7071067811865475 0
    outer loop
      vertex 51.66789321511984 8.121106781065464 0
      vertex 51.66789321511984 8.121106781065464 1.8
      vertex 56.267893216609956 12.72110678255558 1.8
    endloop
  endfacet
  facet normal -0.382683427949758 0.923879534340177 0
    outer loop
      vertex 56.267893216609956 12.72110678255558 0
      vertex 56.267893216609956 12.72110678255558 1.8
      vertex 56.97500000059605 13.013999998569489 1.8
    endloop
  endfacet
  facet normal 0 1 0
    outer loop
      vertex 56.97500000059605 13.013999998569489 0
      vertex 56.97500000059605 13.013999998569489 1.8
      vertex 61.389000005126 13.013999998569489 1.8
    endloop
  endfacet
  facet normal 0.923879534340177 0.382683427949758 0
    outer loop
      vertex 66.69610678315163 8.121106781065464 0
      vertex 66.69610678315163 8.121106781065464 1.8
      vertex 66.98899999916554 7.413999997079372 1.8
    endloop
  endfacet
  facet normal 0.7071067817591944 0.7071067806139008 0
    outer loop
      vertex 62.09610678911209 12.72110678255558 0
      vertex 62.09610678911209 12.72110678255558 1.8
      vertex 66.69610678315163 8.121106781065464 1.8
    endloop
  endfacet
  facet normal 0.382683427949758 0.923879534340177 0
    outer loop
      vertex 61.389000005126 13.013999998569489 0
      vertex 61.389000005126 13.013999998569489 1.8
      vertex 62.09610678911209 12.72110678255558 1.8
    endloop
  endfacet
  facet normal 0 0 1
    outer loop
      vertex 56.267893216609956 12.72110678255558 1.8
      vertex 51.66789321511984 8.121106781065464 1.8
      vertex 53.96078643113375 -0.2539999932050705 1.8
    endloop
  endfacet
  facet normal 0 0 1
    outer loop
      vertex 56.97500000059605 13.013999998569489 1.8
      vertex 56.267893216609956 12.72110678255558 1.8
      vertex 53.96078643113375 -0.2539999932050705 1.8
    endloop
  endfacet
  facet normal 0 0 1
    outer loop
      vertex 66.69610678315163 8.121106781065464 1.8
      vertex 62.09610678911209 12.72110678255558 1.8
      vertex 53.96078643113375 -0.2539999932050705 1.8
    endloop
  endfacet
  facet normal 0 0 1
    outer loop
      vertex 61.389000005126 13.013999998569489 1.8
      vertex 56.97500000059605 13.013999998569489 1.8
      vertex 53.96078643113375 -0.2539999932050705 1.8
    endloop
  endfacet
  facet normal 0 0 1
    outer loop
      vertex 62.09610678911209 12.72110678255558 1.8
      vertex 61.389000005126 13.013999998569489 1.8
      vertex 53.96078643113375 -0.2539999932050705 1.8
    endloop
  endfacet
endsolid OpenSCAD_Model
